# Blender 3.6.0
# www.blender.org
mtllib skybox2.mtl
o Sphere.004
v 0.167224 344.528503 -65.274635
v 0.167224 311.687622 -157.058746
v 0.167224 275.509369 -211.203323
v 0.167224 253.617340 -235.357452
v 0.167224 203.279572 -276.668579
v 0.167224 115.156395 -318.347748
v 0.167224 51.288528 -331.051849
v 0.167224 18.728966 -332.651398
v 0.167224 -13.830597 -331.051849
v 0.167224 -46.076591 -326.268616
v 0.167224 -108.391708 -307.365509
v 0.167224 -165.821655 -276.668579
v 0.167224 -238.051422 -211.203323
v 0.167224 -257.470520 -185.019699
v 0.167224 -274.229675 -157.058746
v 0.167224 -307.070557 -65.274635
v 3.358619 349.311737 -32.871861
v 6.519279 344.528503 -64.962578
v 9.618766 336.607635 -96.432182
v 12.627229 325.625397 -126.977631
v 15.515695 311.687622 -156.304733
v 18.256348 294.928467 -184.131042
v 20.822792 275.509369 -210.188583
v 23.190311 253.617340 -234.226379
v 25.336105 229.463196 -256.012970
v 27.239510 203.279572 -275.338623
v 28.882195 175.318634 -292.017059
v 30.248333 145.849640 -305.887726
v 31.324783 115.156395 -316.817078
v 32.101162 83.534523 -324.699768
v 32.570004 51.288528 -329.459991
v 32.726788 18.728966 -331.051849
v 32.570004 -13.830597 -329.459991
v 32.101162 -46.076591 -324.699768
v 31.324783 -77.698463 -316.817078
v 30.248333 -108.391708 -305.887726
v 28.882195 -137.860687 -292.017059
v 27.239510 -165.821655 -275.338623
v 25.336105 -192.005280 -256.012970
v 23.190311 -216.159393 -234.226379
v 20.822792 -238.051422 -210.188583
v 18.256348 -257.470520 -184.131042
v 15.515695 -274.229675 -156.304733
v 12.627229 -288.167450 -126.977631
v 9.618766 -299.149689 -96.432182
v 6.519279 -307.070557 -64.962578
v 3.358619 -311.853790 -32.871861
v 6.519279 349.311737 -32.403019
v 12.810161 344.528503 -64.029419
v 18.979282 336.607635 -95.043686
v 24.967236 325.625397 -125.147163
v 30.716351 311.687622 -154.049927
v 36.171265 294.928467 -181.473618
v 41.279438 275.509369 -207.154129
v 45.991669 253.617340 -230.844116
v 50.262596 229.463196 -252.315491
v 54.051075 203.279572 -271.361511
v 57.320621 175.318634 -287.798615
v 60.039745 145.849640 -301.468567
v 62.182281 115.156395 -312.239807
v 63.727562 83.534523 -320.008423
v 64.660721 51.288528 -324.699799
v 64.972778 18.728966 -326.268616
v 64.660721 -13.830597 -324.699799
v 63.727562 -46.076591 -320.008423
v 62.182281 -77.698463 -312.239807
v 60.039745 -108.391708 -301.468567
v 57.320621 -137.860687 -287.798615
v 54.051075 -165.821655 -271.361511
v 50.262596 -192.005280 -252.315491
v 45.991669 -216.159393 -230.844116
v 41.279438 -238.051422 -207.154129
v 36.171265 -257.470520 -181.473618
v 30.716351 -274.229675 -154.049927
v 24.967236 -288.167450 -125.147163
v 18.979282 -299.149689 -95.043686
v 12.810161 -307.070557 -64.029419
v 6.519279 -311.853790 -32.403019
v 9.618766 349.311737 -31.626638
v 18.979282 344.528503 -62.484138
v 28.158630 336.607635 -92.744377
v 37.068409 325.625397 -122.115974
v 45.622807 311.687622 -150.316055
v 53.739441 294.928467 -177.073013
v 61.340145 275.509369 -202.129181
v 68.351715 253.617340 -225.243210
v 74.706627 229.463196 -246.192581
v 80.343704 203.279572 -264.775574
v 85.208626 175.318634 -280.813019
v 89.254555 145.849640 -294.150635
v 92.442535 115.156395 -304.660034
v 94.741829 83.534523 -312.239777
v 96.130333 51.288528 -316.817047
v 96.594658 18.728966 -318.347717
v 96.130333 -13.830597 -316.817047
v 94.741829 -46.076591 -312.239777
v 92.442535 -77.698463 -304.660034
v 89.254555 -108.391708 -294.150635
v 85.208626 -137.860687 -280.813019
v 80.343704 -165.821655 -264.775574
v 74.706627 -192.005280 -246.192581
v 68.351715 -216.159393 -225.243210
v 61.340145 -238.051422 -202.129181
v 53.739441 -257.470520 -177.073013
v 45.622807 -274.229675 -150.316055
v 37.068409 -288.167450 -122.115974
v 28.158630 -299.149689 -92.744377
v 18.979282 -307.070557 -62.484138
v 9.618766 -311.853790 -31.626638
v 12.627229 349.311737 -30.550194
v 24.967236 344.528503 -60.341614
v 37.068409 336.607635 -89.556412
v 48.814201 325.625397 -117.913261
v 60.091492 311.687622 -145.139069
v 70.791679 294.928467 -170.971619
v 80.811729 275.509369 -195.162125
v 90.055099 253.617340 -217.477615
v 98.432823 229.463196 -237.703217
v 105.864204 203.279572 -255.644165
v 112.277641 175.318634 -271.127563
v 117.611404 145.849640 -284.004395
v 121.814133 115.156395 -294.150665
v 124.845291 83.534523 -301.468567
v 126.675774 51.288528 -305.887726
v 127.287895 18.728966 -307.365509
v 126.675774 -13.830597 -305.887726
v 124.845291 -46.076591 -301.468567
v 121.814133 -77.698463 -294.150665
v 117.611404 -108.391708 -284.004395
v 112.277641 -137.860687 -271.127563
v 105.864204 -165.821655 -255.644165
v 98.432823 -192.005280 -237.703217
v 90.055099 -216.159393 -217.477615
v 80.811729 -238.051422 -195.162125
v 70.791679 -257.470520 -170.971619
v 60.091492 -274.229675 -145.139069
v 48.814201 -288.167450 -117.913261
v 37.068409 -299.149689 -89.556412
v 24.967236 -307.070557 -60.341614
v 12.627229 -311.853790 -30.550194
v 15.515695 349.311737 -29.184052
v 30.716351 344.528503 -57.622486
v 45.622807 336.607635 -85.510490
v 60.091492 325.625397 -112.579498
v 73.983070 311.687622 -138.568832
v 87.163773 294.928467 -163.228180
v 99.506660 275.509369 -186.320084
v 110.892822 253.617340 -207.622101
v 121.212654 229.463196 -226.929153
v 130.366791 203.279572 -244.055298
v 138.266968 175.318634 -258.835541
v 144.837189 145.849640 -271.127533
v 150.014191 115.156395 -280.813019
v 153.748032 83.534523 -287.798584
v 156.002869 51.288528 -292.017029
v 156.756882 18.728966 -293.427704
v 156.002869 -13.830597 -292.017029
v 153.748032 -46.076591 -287.798584
v 150.014191 -77.698463 -280.813019
v 144.837189 -108.391708 -271.127533
v 138.266968 -137.860687 -258.835541
v 130.366791 -165.821655 -244.055298
v 121.212654 -192.005280 -226.929153
v 110.892822 -216.159393 -207.622101
v 99.506660 -238.051422 -186.320084
v 87.163773 -257.470520 -163.228180
v 73.983070 -274.229675 -138.568832
v 60.091492 -288.167450 -112.579498
v 45.622807 -299.149689 -85.510490
v 30.716351 -307.070557 -57.622486
v 15.515695 -311.853790 -29.184052
v 18.256348 349.311737 -27.541367
v 36.171265 344.528503 -54.352936
v 53.739441 336.607635 -80.645561
v 70.791679 325.625397 -106.166054
v 87.163773 311.687622 -130.668640
v 102.698044 294.928467 -153.917297
v 117.244896 275.509369 -175.688187
v 130.664185 253.617340 -195.771591
v 142.826752 229.463196 -213.974167
v 153.615463 203.279572 -230.120575
v 162.926315 175.318634 -244.055298
v 170.669739 145.849640 -255.644104
v 176.771149 115.156395 -264.775543
v 181.171722 83.534523 -271.361450
v 183.829178 51.288528 -275.338562
v 184.717834 18.728966 -276.668549
v 183.829178 -13.830597 -275.338562
v 181.171722 -46.076591 -271.361450
v 176.771149 -77.698463 -264.775543
v 170.669739 -108.391708 -255.644104
v 162.926315 -137.860687 -244.055298
v 153.615463 -165.821655 -230.120575
v 142.826752 -192.005280 -213.974167
v 130.664185 -216.159393 -195.771591
v 117.244896 -238.051422 -175.688187
v 102.698044 -257.470520 -153.917297
v 87.163773 -274.229675 -130.668640
v 70.791679 -288.167450 -106.166054
v 53.739441 -299.149689 -80.645561
v 36.171265 -307.070557 -54.352936
v 18.256348 -311.853790 -27.541367
v 20.822792 349.311737 -25.637964
v 41.279434 344.528503 -50.564457
v 61.340141 336.607635 -75.008499
v 80.811722 325.625397 -98.734688
v 99.506645 311.687622 -121.514526
v 117.244881 294.928467 -143.128616
v 133.855621 275.509369 -163.368835
v 149.178802 253.617340 -182.040222
v 163.066971 229.463196 -198.963013
v 175.386353 203.279572 -213.974182
v 186.018204 175.318634 -226.929184
v 194.860229 145.849640 -237.703201
v 201.827316 115.156395 -246.192581
v 206.852234 83.534523 -252.315491
v 209.886703 51.288528 -256.012939
v 210.901459 18.728966 -257.249481
v 209.886703 -13.830597 -256.012939
v 206.852234 -46.076591 -252.315491
v 201.827316 -77.698463 -246.192581
v 194.860229 -108.391708 -237.703201
v 186.018204 -137.860687 -226.929184
v 175.386353 -165.821655 -213.974182
v 163.066971 -192.005280 -198.963013
v 149.178802 -216.159393 -182.040222
v 133.855621 -238.051422 -163.368835
v 117.244881 -257.470520 -143.128616
v 99.506645 -274.229675 -121.514526
v 80.811722 -288.167450 -98.734688
v 61.340141 -299.149689 -75.008499
v 41.279434 -307.070557 -50.564457
v 20.822792 -311.853790 -25.637964
v 23.190311 349.311737 -23.492168
v 45.991669 344.528503 -46.293533
v 68.351715 336.607635 -68.653580
v 90.055107 325.625397 -90.356964
v 110.892830 311.687622 -111.194695
v 130.664200 294.928467 -130.966049
v 149.178833 275.509369 -149.480667
v 166.258347 253.617340 -166.560211
v 181.738358 229.463196 -182.040237
v 195.469772 203.279572 -195.771622
v 207.320251 175.318634 -207.622131
v 217.175751 145.849640 -217.477585
v 224.941376 115.156395 -225.243210
v 230.542236 83.534523 -230.844116
v 233.924515 51.288528 -234.226334
v 235.055603 18.728966 -235.357422
v 233.924515 -13.830597 -234.226334
v 230.542236 -46.076591 -230.844116
v 224.941376 -77.698463 -225.243210
v 217.175751 -108.391708 -217.477585
v 207.320251 -137.860687 -207.622131
v 195.469772 -165.821655 -195.771622
v 181.738358 -192.005280 -182.040237
v 166.258347 -216.159393 -166.560211
v 149.178833 -238.051422 -149.480667
v 130.664200 -257.470520 -130.966049
v 110.892830 -274.229675 -111.194695
v 90.055107 -288.167450 -90.356964
v 68.351715 -299.149689 -68.653580
v 45.991669 -307.070557 -46.293533
v 23.190311 -311.853790 -23.492168
v 25.336105 349.311737 -21.124649
v 50.262596 344.528503 -41.581299
v 74.706635 336.607635 -61.642006
v 98.432831 325.625397 -81.113579
v 121.212654 311.687622 -99.808510
v 142.826767 294.928467 -117.546722
v 163.066986 275.509369 -134.157440
v 181.738358 253.617340 -149.480667
v 198.661118 229.463196 -163.368835
v 213.672348 203.279572 -175.688187
v 226.627304 175.318634 -186.320084
v 237.401352 145.849640 -195.162079
v 245.890732 115.156395 -202.129150
v 252.013626 83.534523 -207.154099
v 255.711121 51.288528 -210.188492
v 256.947662 18.728966 -211.203278
v 255.711121 -13.830597 -210.188492
v 252.013626 -46.076591 -207.154099
v 245.890732 -77.698463 -202.129150
v 237.401352 -108.391708 -195.162079
v 226.627304 -137.860687 -186.320084
v 213.672348 -165.821655 -175.688187
v 198.661118 -192.005280 -163.368835
v 181.738358 -216.159393 -149.480667
v 163.066986 -238.051422 -134.157440
v 142.826767 -257.470520 -117.546722
v 121.212654 -274.229675 -99.808510
v 98.432831 -288.167450 -81.113579
v 74.706635 -299.149689 -61.642006
v 50.262596 -307.070557 -41.581299
v 25.336105 -311.853790 -21.124649
v 27.239510 349.311737 -18.558205
v 54.051071 344.528503 -36.473125
v 80.343704 336.607635 -54.041302
v 105.864197 325.625397 -71.093529
v 130.366760 311.687622 -87.465630
v 153.615448 294.928467 -102.999886
v 175.386322 275.509369 -117.546707
v 195.469711 253.617340 -130.966049
v 213.672287 229.463196 -143.128616
v 229.818726 203.279572 -153.917297
v 243.753418 175.318634 -163.228180
v 255.342239 145.849640 -170.971558
v 264.473663 115.156395 -177.072968
v 271.059631 83.534523 -181.473587
v 275.036713 51.288528 -184.130951
v 276.366730 18.728966 -185.019638
v 275.036713 -13.830597 -184.130951
v 271.059631 -46.076591 -181.473587
v 264.473663 -77.698463 -177.072968
v 255.342239 -108.391708 -170.971558
v 243.753418 -137.860687 -163.228180
v 229.818726 -165.821655 -153.917297
v 213.672287 -192.005280 -143.128616
v 195.469711 -216.159393 -130.966049
v 175.386322 -238.051422 -117.546707
v 153.615448 -257.470520 -102.999886
v 130.366760 -274.229675 -87.465630
v 105.864197 -288.167450 -71.093529
v 80.343704 -299.149689 -54.041302
v 54.051071 -307.070557 -36.473125
v 27.239510 -311.853790 -18.558205
v 28.882195 349.311737 -15.817554
v 57.320621 344.528503 -31.018215
v 85.208633 336.607635 -45.924671
v 112.277649 325.625397 -60.393341
v 138.266953 311.687622 -74.284927
v 162.926315 294.928467 -87.465614
v 186.018204 275.509369 -99.808472
v 207.320221 253.617340 -111.194679
v 226.627274 229.463196 -121.514511
v 243.753448 203.279572 -130.668625
v 258.533691 175.318634 -138.568817
v 270.825653 145.849640 -145.139008
v 280.511139 115.156395 -150.316010
v 287.496765 83.534523 -154.049896
v 291.715149 51.288528 -156.304657
v 293.125885 18.728966 -157.058685
v 291.715149 -13.830597 -156.304657
v 287.496765 -46.076591 -154.049896
v 280.511139 -77.698463 -150.316010
v 270.825653 -108.391708 -145.139008
v 258.533691 -137.860687 -138.568817
v 243.753448 -165.821655 -130.668625
v 226.627274 -192.005280 -121.514511
v 207.320221 -216.159393 -111.194679
v 186.018204 -238.051422 -99.808472
v 162.926315 -257.470520 -87.465614
v 138.266953 -274.229675 -74.284927
v 112.277649 -288.167450 -60.393341
v 85.208633 -299.149689 -45.924671
v 57.320621 -307.070557 -31.018215
v 28.882195 -311.853790 -15.817554
v 30.248337 349.311737 -12.929088
v 60.039749 344.528503 -25.269100
v 89.254555 336.607635 -37.370274
v 117.611404 325.625397 -49.116047
v 144.837189 311.687622 -60.393345
v 170.669739 294.928467 -71.093513
v 194.860229 275.509369 -81.113541
v 217.175735 253.617340 -90.356949
v 237.401337 229.463196 -98.734680
v 255.342300 203.279572 -106.166039
v 270.825714 175.318634 -112.579491
v 283.702515 145.849640 -117.913216
v 293.848785 115.156395 -122.115936
v 301.166748 83.534523 -125.147148
v 305.585815 51.288528 -126.977554
v 307.063660 18.728966 -127.589691
v 305.585815 -13.830597 -126.977554
v 301.166748 -46.076591 -125.147148
v 293.848785 -77.698463 -122.115936
v 283.702515 -108.391708 -117.913216
v 270.825714 -137.860687 -112.579491
v 255.342300 -165.821655 -106.166039
v 237.401337 -192.005280 -98.734680
v 217.175735 -216.159393 -90.356949
v 194.860229 -238.051422 -81.113541
v 170.669739 -257.470520 -71.093513
v 144.837189 -274.229675 -60.393345
v 117.611404 -288.167450 -49.116047
v 89.254555 -299.149689 -37.370274
v 60.039749 -307.070557 -25.269100
v 30.248337 -311.853790 -12.929088
v 0.167224 -313.453339 -0.469081
v 31.324783 349.311737 -9.920625
v 62.182274 344.528503 -19.281147
v 92.442528 336.607635 -28.460495
v 121.814110 325.625397 -37.370255
v 150.014175 311.687622 -45.924660
v 176.771118 294.928467 -54.041275
v 201.827286 275.509369 -61.641964
v 224.941330 253.617340 -68.653564
v 245.890701 229.463196 -75.008492
v 264.473694 203.279572 -80.645546
v 280.511169 175.318634 -85.510483
v 293.848755 145.849640 -89.556366
v 304.358124 115.156395 -92.744347
v 311.937958 83.534523 -95.043678
v 316.515106 51.288528 -96.432137
v 318.045868 18.728966 -96.896461
v 316.515106 -13.830597 -96.432137
v 311.937958 -46.076591 -95.043678
v 304.358124 -77.698463 -92.744347
v 293.848755 -108.391708 -89.556366
v 280.511169 -137.860687 -85.510483
v 264.473694 -165.821655 -80.645546
v 245.890701 -192.005280 -75.008492
v 224.941330 -216.159393 -68.653564
v 201.827286 -238.051422 -61.641964
v 176.771118 -257.470520 -54.041275
v 150.014175 -274.229675 -45.924660
v 121.814110 -288.167450 -37.370255
v 92.442528 -299.149689 -28.460495
v 62.182274 -307.070557 -19.281147
v 31.324783 -311.853790 -9.920625
v 32.101166 349.311737 -6.821139
v 63.727562 344.528503 -13.112025
v 94.741837 336.607635 -19.281147
v 124.845291 325.625397 -25.269081
v 153.748047 311.687622 -31.018206
v 181.171722 294.928467 -36.473099
v 206.852219 275.509369 -41.581253
v 230.542221 253.617340 -46.293526
v 252.013596 229.463196 -50.564457
v 271.059631 203.279572 -54.352921
v 287.496796 175.318634 -57.622471
v 301.166687 145.849640 -60.341568
v 311.937927 115.156395 -62.484100
v 319.706635 83.534523 -64.029404
v 324.397827 51.288528 -64.962532
v 325.966766 18.728966 -65.274590
v 324.397827 -13.830597 -64.962532
v 319.706635 -46.076591 -64.029404
v 311.937927 -77.698463 -62.484100
v 301.166687 -108.391708 -60.341568
v 287.496796 -137.860687 -57.622471
v 271.059631 -165.821655 -54.352921
v 252.013596 -192.005280 -50.564457
v 230.542221 -216.159393 -46.293526
v 206.852219 -238.051422 -41.581253
v 181.171722 -257.470520 -36.473099
v 153.748047 -274.229675 -31.018206
v 124.845291 -288.167450 -25.269081
v 94.741837 -299.149689 -19.281147
v 63.727562 -307.070557 -13.112025
v 32.101166 -311.853790 -6.821139
v 32.570007 349.311737 -3.660478
v 64.660728 344.528503 -6.821144
v 96.130333 336.607635 -9.920629
v 126.675758 325.625397 -12.929074
v 156.002869 311.687622 -15.817550
v 183.829147 294.928467 -18.558182
v 209.886658 275.509369 -21.124613
v 233.924484 253.617340 -23.492168
v 255.711090 229.463196 -25.637972
v 275.036743 203.279572 -27.541357
v 291.715240 175.318634 -29.184038
v 305.585815 145.849640 -30.550158
v 316.515198 115.156395 -31.626610
v 324.397949 83.534523 -32.403004
v 329.158051 51.288528 -32.871826
v 330.749969 18.728966 -33.028595
v 329.158051 -13.830597 -32.871826
v 324.397949 -46.076591 -32.403004
v 316.515198 -77.698463 -31.626610
v 305.585815 -108.391708 -30.550158
v 291.715240 -137.860687 -29.184038
v 275.036743 -165.821655 -27.541357
v 255.711090 -192.005280 -25.637972
v 233.924484 -216.159393 -23.492168
v 209.886658 -238.051422 -21.124613
v 183.829147 -257.470520 -18.558182
v 156.002869 -274.229675 -15.817550
v 126.675758 -288.167450 -12.929074
v 96.130333 -299.149689 -9.920629
v 64.660728 -307.070557 -6.821144
v 32.570007 -311.853790 -3.660478
v 32.726788 349.311737 -0.469082
v 64.972786 344.528503 -0.469088
v 96.594658 336.607635 -0.469087
v 127.287880 325.625397 -0.469071
v 156.756882 311.687622 -0.469079
v 184.717804 294.928467 -0.469062
v 210.901413 275.509369 -0.469049
v 235.055527 253.617340 -0.469088
v 256.947571 229.463196 -0.469097
v 276.366699 203.279572 -0.469073
v 293.125885 175.318634 -0.469068
v 307.063599 145.849640 -0.469055
v 318.045868 115.156395 -0.469055
v 325.966766 83.534523 -0.469066
v 330.749878 51.288528 -0.469059
v 332.349518 18.728966 -0.469036
v 330.749878 -13.830597 -0.469059
v 325.966766 -46.076591 -0.469066
v 318.045868 -77.698463 -0.469055
v 307.063599 -108.391708 -0.469055
v 293.125885 -137.860687 -0.469068
v 276.366699 -165.821655 -0.469073
v 256.947571 -192.005280 -0.469097
v 235.055527 -216.159393 -0.469088
v 210.901413 -238.051422 -0.469049
v 184.717804 -257.470520 -0.469062
v 156.756882 -274.229675 -0.469079
v 127.287880 -288.167450 -0.469071
v 96.594658 -299.149689 -0.469087
v 64.972786 -307.070557 -0.469088
v 32.726788 -311.853790 -0.469082
v 32.570004 349.311737 2.722313
v 64.660728 344.528503 5.882968
v 96.130333 336.607635 8.982454
v 126.675758 325.625397 11.990932
v 156.002869 311.687622 14.879392
v 183.829147 294.928467 17.620060
v 209.886658 275.509369 20.186514
v 233.924469 253.617340 22.553993
v 255.711090 229.463196 24.699776
v 275.036743 203.279572 26.603210
v 291.715210 175.318634 28.245901
v 305.585815 145.849640 29.612049
v 316.515198 115.156395 30.688501
v 324.397919 83.534523 31.464874
v 329.158051 51.288528 31.933710
v 330.749969 18.728966 32.090523
v 329.158051 -13.830597 31.933710
v 324.397919 -46.076591 31.464874
v 316.515198 -77.698463 30.688501
v 305.585815 -108.391708 29.612049
v 291.715210 -137.860687 28.245901
v 275.036743 -165.821655 26.603210
v 255.711090 -192.005280 24.699776
v 233.924469 -216.159393 22.553993
v 209.886658 -238.051422 20.186514
v 183.829147 -257.470520 17.620060
v 156.002869 -274.229675 14.879392
v 126.675758 -288.167450 11.990932
v 96.130333 -299.149689 8.982454
v 64.660728 -307.070557 5.882968
v 32.570004 -311.853790 2.722313
v 32.101162 349.311737 5.882973
v 63.727570 344.528503 12.173850
v 94.741837 336.607635 18.342972
v 124.845291 325.625397 24.330938
v 153.748062 311.687622 30.080050
v 181.171722 294.928467 35.534969
v 206.852203 275.509369 40.643150
v 230.542191 253.617340 45.355347
v 252.013596 229.463196 49.626259
v 271.059631 203.279572 53.414772
v 287.496765 175.318634 56.684326
v 301.166656 145.849640 59.403454
v 311.937958 115.156395 61.545990
v 319.706573 83.534523 63.091270
v 324.397827 51.288528 64.024422
v 325.966736 18.728966 64.336517
v 324.397827 -13.830597 64.024422
v 319.706573 -46.076591 63.091270
v 311.937958 -77.698463 61.545990
v 301.166656 -108.391708 59.403454
v 287.496765 -137.860687 56.684326
v 271.059631 -165.821655 53.414772
v 252.013596 -192.005280 49.626259
v 230.542191 -216.159393 45.355347
v 206.852203 -238.051422 40.643150
v 181.171722 -257.470520 35.534969
v 153.748062 -274.229675 30.080050
v 124.845291 -288.167450 24.330938
v 94.741837 -299.149689 18.342972
v 63.727570 -307.070557 12.173850
v 32.101162 -311.853790 5.882973
v 31.324783 349.311737 8.982460
v 62.182289 344.528503 18.342976
v 92.442528 336.607635 27.522320
v 121.814102 325.625397 36.432110
v 150.014191 311.687622 44.986504
v 176.771118 294.928467 53.103146
v 201.827255 275.509369 60.703850
v 224.941284 253.617340 67.715385
v 245.890701 229.463196 74.070305
v 264.473694 203.279572 79.707405
v 280.511169 175.318634 84.572342
v 293.848724 145.849640 88.618263
v 304.358154 115.156395 91.806244
v 311.937927 83.534523 94.105545
v 316.515076 51.288528 95.494019
v 318.045837 18.728966 95.958397
v 316.515076 -13.830597 95.494019
v 311.937927 -46.076591 94.105545
v 304.358154 -77.698463 91.806244
v 293.848724 -108.391708 88.618263
v 280.511169 -137.860687 84.572342
v 264.473694 -165.821655 79.707405
v 245.890701 -192.005280 74.070305
v 224.941284 -216.159393 67.715385
v 201.827255 -238.051422 60.703850
v 176.771118 -257.470520 53.103146
v 150.014191 -274.229675 44.986504
v 121.814102 -288.167450 36.432110
v 92.442528 -299.149689 27.522320
v 62.182289 -307.070557 18.342976
v 31.324783 -311.853790 8.982460
v 30.248337 349.311737 11.990923
v 60.039764 344.528503 24.330931
v 89.254562 336.607635 36.432095
v 117.611389 325.625397 48.177898
v 144.837204 311.687622 59.455193
v 170.669724 294.928467 70.155396
v 194.860214 275.509369 80.175430
v 217.175690 253.617340 89.418770
v 237.401337 229.463196 97.796486
v 255.342270 203.279572 105.227898
v 270.825714 175.318634 111.641357
v 283.702454 145.849640 116.975105
v 293.848785 115.156395 121.177834
v 301.166718 83.534523 124.209007
v 305.585785 51.288528 126.039444
v 307.063629 18.728966 126.651627
v 305.585785 -13.830597 126.039444
v 301.166718 -46.076591 124.209007
v 293.848785 -77.698463 121.177834
v 283.702454 -108.391708 116.975105
v 270.825714 -137.860687 111.641357
v 255.342270 -165.821655 105.227898
v 237.401337 -192.005280 97.796486
v 217.175690 -216.159393 89.418770
v 194.860214 -238.051422 80.175430
v 170.669724 -257.470520 70.155396
v 144.837204 -274.229675 59.455193
v 117.611389 -288.167450 48.177898
v 89.254562 -299.149689 36.432095
v 60.039764 -307.070557 24.330931
v 30.248337 -311.853790 11.990923
v 28.882195 349.311737 14.879390
v 57.320637 344.528503 30.080046
v 85.208641 336.607635 44.986492
v 112.277618 325.625397 59.455185
v 138.266968 311.687622 73.346779
v 162.926285 294.928467 86.527489
v 186.018158 275.509369 98.870346
v 207.320175 253.617340 110.256477
v 226.627274 229.463196 120.576317
v 243.753403 203.279572 129.730469
v 258.533691 175.318634 137.630676
v 270.825623 145.849640 144.200867
v 280.511139 115.156395 149.377884
v 287.496735 83.534523 153.111740
v 291.715118 51.288528 155.366531
v 293.125824 18.728966 156.120605
v 291.715118 -13.830597 155.366531
v 287.496735 -46.076591 153.111740
v 280.511139 -77.698463 149.377884
v 270.825623 -108.391708 144.200867
v 258.533691 -137.860687 137.630676
v 243.753403 -165.821655 129.730469
v 226.627274 -192.005280 120.576317
v 207.320175 -216.159393 110.256477
v 186.018158 -238.051422 98.870346
v 162.926285 -257.470520 86.527489
v 138.266968 -274.229675 73.346779
v 112.277618 -288.167450 59.455185
v 85.208641 -299.149689 44.986492
v 57.320637 -307.070557 30.080046
v 28.882195 -311.853790 14.879390
v 27.239510 349.311737 17.620045
v 54.051086 344.528503 35.534958
v 80.343712 336.607635 53.103127
v 105.864174 325.625397 70.155373
v 130.366776 311.687622 86.527481
v 153.615402 294.928467 102.061752
v 175.386276 275.509369 116.608574
v 195.469681 253.617340 130.027832
v 213.672287 229.463196 142.190414
v 229.818680 203.279572 152.979141
v 243.753433 175.318634 162.290039
v 255.342148 145.849640 170.033417
v 264.473663 115.156395 176.134827
v 271.059601 83.534523 180.535431
v 275.036652 51.288528 183.192825
v 276.366638 18.728966 184.081558
v 275.036652 -13.830597 183.192825
v 271.059601 -46.076591 180.535431
v 264.473663 -77.698463 176.134827
v 255.342148 -108.391708 170.033417
v 243.753433 -137.860687 162.290039
v 229.818680 -165.821655 152.979141
v 213.672287 -192.005280 142.190414
v 195.469681 -216.159393 130.027832
v 175.386276 -238.051422 116.608574
v 153.615402 -257.470520 102.061752
v 130.366776 -274.229675 86.527481
v 105.864174 -288.167450 70.155373
v 80.343712 -299.149689 53.103127
v 54.051086 -307.070557 35.534958
v 27.239510 -311.853790 17.620045
v 25.336109 349.311737 20.186489
v 50.262608 344.528503 40.643131
v 74.706650 336.607635 60.703831
v 98.432808 325.625397 80.175415
v 121.212669 311.687622 98.870354
v 142.826721 294.928467 116.608589
v 163.066925 275.509369 133.219284
v 181.738327 253.617340 148.542450
v 198.661133 229.463196 162.430634
v 213.672287 203.279572 174.750031
v 226.627319 175.318634 185.381927
v 237.401245 145.849640 194.223923
v 245.890701 115.156395 201.190994
v 252.013626 83.534523 206.215942
v 255.711029 51.288528 209.250351
v 256.947571 18.728966 210.265167
v 255.711029 -13.830597 209.250351
v 252.013626 -46.076591 206.215942
v 245.890701 -77.698463 201.190994
v 237.401245 -108.391708 194.223923
v 226.627319 -137.860687 185.381927
v 213.672287 -165.821655 174.750031
v 198.661133 -192.005280 162.430634
v 181.738327 -216.159393 148.542450
v 163.066925 -238.051422 133.219284
v 142.826721 -257.470520 116.608589
v 121.212669 -274.229675 98.870354
v 98.432808 -288.167450 80.175415
v 74.706650 -299.149689 60.703831
v 50.262608 -307.070557 40.643131
v 25.336109 -311.853790 20.186489
v 23.190311 349.311737 22.554008
v 45.991680 344.528503 45.355370
v 68.351730 336.607635 67.715408
v 90.055084 325.625397 89.418793
v 110.892838 311.687622 110.256538
v 130.664154 294.928467 130.027893
v 149.178757 275.509369 148.542496
v 166.258316 253.617340 165.621994
v 181.738358 229.463196 181.102020
v 195.469727 203.279572 194.833450
v 207.320267 175.318634 206.683975
v 217.175644 145.849640 216.539413
v 224.941315 115.156395 224.305038
v 230.542252 83.534523 229.905960
v 233.924423 51.288528 233.288177
v 235.055527 18.728966 234.419296
v 233.924423 -13.830597 233.288177
v 230.542252 -46.076591 229.905960
v 224.941315 -77.698463 224.305038
v 217.175644 -108.391708 216.539413
v 207.320267 -137.860687 206.683975
v 195.469727 -165.821655 194.833450
v 181.738358 -192.005280 181.102020
v 166.258316 -216.159393 165.621994
v 149.178757 -238.051422 148.542496
v 130.664154 -257.470520 130.027893
v 110.892838 -274.229675 110.256538
v 90.055084 -288.167450 89.418793
v 68.351730 -299.149689 67.715408
v 45.991680 -307.070557 45.355370
v 23.190311 -311.853790 22.554008
v 20.822792 349.311737 24.699802
v 41.279446 344.528503 49.626293
v 61.340157 336.607635 74.070328
v 80.811699 325.625397 97.796509
v 99.506645 311.687622 120.576370
v 117.244835 294.928467 142.190460
v 133.855545 275.509369 162.430649
v 149.178772 253.617340 181.102005
v 163.066956 229.463196 198.024780
v 175.386307 203.279572 213.036011
v 186.018219 175.318634 225.991028
v 194.860138 145.849640 236.764999
v 201.827255 115.156395 245.254395
v 206.852234 83.534523 251.377350
v 209.886597 51.288528 255.074753
v 210.901382 18.728966 256.311340
v 209.886597 -13.830597 255.074753
v 206.852234 -46.076591 251.377350
v 201.827255 -77.698463 245.254395
v 194.860138 -108.391708 236.764999
v 186.018219 -137.860687 225.991028
v 175.386307 -165.821655 213.036011
v 163.066956 -192.005280 198.024780
v 149.178772 -216.159393 181.102005
v 133.855545 -238.051422 162.430649
v 117.244835 -257.470520 142.190460
v 99.506645 -274.229675 120.576370
v 80.811699 -288.167450 97.796509
v 61.340157 -299.149689 74.070328
v 41.279446 -307.070557 49.626293
v 20.822792 -311.853790 24.699802
v 18.256348 349.311737 26.603207
v 36.171268 344.528503 53.414772
v 53.739452 336.607635 79.707397
v 70.791656 325.625397 105.227875
v 87.163765 311.687622 129.730469
v 102.697998 294.928467 152.979126
v 117.244820 275.509369 174.749985
v 130.664154 253.617340 194.833359
v 142.826736 229.463196 213.035950
v 153.615417 203.279572 229.182388
v 162.926315 175.318634 243.117142
v 170.669632 145.849640 254.705872
v 176.771072 115.156395 263.837311
v 181.171707 83.534523 270.423340
v 183.829056 51.288528 274.400330
v 184.717743 18.728966 275.730408
v 183.829056 -13.830597 274.400330
v 181.171707 -46.076591 270.423340
v 176.771072 -77.698463 263.837311
v 170.669632 -108.391708 254.705872
v 162.926315 -137.860687 243.117142
v 153.615417 -165.821655 229.182388
v 142.826736 -192.005280 213.035950
v 130.664154 -216.159393 194.833359
v 117.244820 -238.051422 174.749985
v 102.697998 -257.470520 152.979126
v 87.163765 -274.229675 129.730469
v 70.791656 -288.167450 105.227875
v 53.739452 -299.149689 79.707397
v 36.171268 -307.070557 53.414772
v 18.256348 -311.853790 26.603207
v 15.515697 349.311737 28.245890
v 30.716358 344.528503 56.684322
v 45.622822 336.607635 84.572327
v 60.091473 325.625397 111.641327
v 73.983063 311.687622 137.630661
v 87.163727 294.928467 162.289993
v 99.506592 275.509369 185.381851
v 110.892792 253.617340 206.683868
v 121.212639 229.463196 225.990936
v 130.366745 203.279572 243.117096
v 138.266953 175.318634 257.897400
v 144.837082 145.849640 270.189301
v 150.014114 115.156395 279.874786
v 153.748016 83.534523 286.860474
v 156.002762 51.288528 291.078766
v 156.756790 18.728966 292.489563
v 156.002762 -13.830597 291.078766
v 153.748016 -46.076591 286.860474
v 150.014114 -77.698463 279.874786
v 144.837082 -108.391708 270.189301
v 138.266953 -137.860687 257.897400
v 130.366745 -165.821655 243.117096
v 121.212639 -192.005280 225.990936
v 110.892792 -216.159393 206.683868
v 99.506592 -238.051422 185.381851
v 87.163727 -257.470520 162.289993
v 73.983063 -274.229675 137.630661
v 60.091473 -288.167450 111.641327
v 45.622822 -299.149689 84.572327
v 30.716358 -307.070557 56.684322
v 15.515697 -311.853790 28.245890
v 12.627231 349.311737 29.612032
v 24.967243 344.528503 59.403450
v 37.068420 336.607635 88.618256
v 48.814178 325.625397 116.975090
v 60.091480 311.687622 144.200897
v 70.791634 294.928467 170.033417
v 80.811668 275.509369 194.223892
v 90.055084 253.617340 216.539368
v 98.432808 229.463196 236.764999
v 105.864166 203.279572 254.705933
v 112.277626 175.318634 270.189423
v 117.611305 145.849640 283.066101
v 121.814056 115.156395 293.212433
v 124.845276 83.534523 300.530457
v 126.675690 51.288528 304.949432
v 127.287804 18.728966 306.427338
v 126.675690 -13.830597 304.949432
v 124.845276 -46.076591 300.530457
v 121.814056 -77.698463 293.212433
v 117.611305 -108.391708 283.066101
v 112.277626 -137.860687 270.189423
v 105.864166 -165.821655 254.705933
v 98.432808 -192.005280 236.764999
v 90.055084 -216.159393 216.539368
v 80.811668 -238.051422 194.223892
v 70.791634 -257.470520 170.033417
v 60.091480 -274.229675 144.200897
v 48.814178 -288.167450 116.975090
v 37.068420 -299.149689 88.618256
v 24.967243 -307.070557 59.403450
v 12.627231 -311.853790 29.612032
v 9.618768 349.311737 30.688478
v 18.979290 344.528503 61.545975
v 28.158646 336.607635 91.806229
v 37.068386 325.625397 121.177788
v 45.622791 311.687622 149.377884
v 53.739388 294.928467 176.134796
v 61.340096 275.509369 201.190933
v 68.351700 253.617340 224.304962
v 74.706619 229.463196 245.254364
v 80.343681 203.279572 263.837311
v 85.208611 175.318634 279.874878
v 89.254463 145.849640 293.212341
v 92.442467 115.156395 303.721771
v 94.741798 83.534523 311.301636
v 96.130272 51.288528 315.878723
v 96.594574 18.728966 317.409515
v 96.130272 -13.830597 315.878723
v 94.741798 -46.076591 311.301636
v 92.442467 -77.698463 303.721771
v 89.254463 -108.391708 293.212341
v 85.208611 -137.860687 279.874878
v 80.343681 -165.821655 263.837311
v 74.706619 -192.005280 245.254364
v 68.351700 -216.159393 224.304962
v 61.340096 -238.051422 201.190933
v 53.739388 -257.470520 176.134796
v 45.622791 -274.229675 149.377884
v 37.068386 -288.167450 121.177788
v 28.158646 -299.149689 91.806229
v 18.979290 -307.070557 61.545975
v 9.618768 -311.853790 30.688478
v 6.519282 349.311737 31.464863
v 12.810165 344.528503 63.091263
v 18.979298 336.607635 94.105537
v 24.967216 325.625397 124.208977
v 30.716335 311.687622 153.111755
v 36.171215 294.928467 180.535385
v 41.279392 275.509369 206.215866
v 45.991665 253.617340 229.905853
v 50.262589 229.463196 251.377258
v 54.051060 203.279572 270.423248
v 57.320595 175.318634 286.860474
v 60.039680 145.849640 300.530243
v 62.182220 115.156395 311.301544
v 63.727524 83.534523 319.070343
v 64.660675 51.288528 323.761444
v 64.972702 18.728966 325.330383
v 64.660675 -13.830597 323.761444
v 63.727524 -46.076591 319.070343
v 62.182220 -77.698463 311.301544
v 60.039680 -108.391708 300.530243
v 57.320595 -137.860687 286.860474
v 54.051060 -165.821655 270.423248
v 50.262589 -192.005280 251.377258
v 45.991665 -216.159393 229.905853
v 41.279392 -238.051422 206.215866
v 36.171215 -257.470520 180.535385
v 30.716335 -274.229675 153.111755
v 24.967216 -288.167450 124.208977
v 18.979298 -299.149689 94.105537
v 12.810165 -307.070557 63.091263
v 6.519282 -311.853790 31.464863
v 3.358621 349.311737 31.933702
v 6.519284 344.528503 64.024437
v 9.618779 336.607635 95.494034
v 12.627212 325.625397 126.039444
v 15.515678 311.687622 155.366577
v 18.256306 294.928467 183.192810
v 20.822758 275.509369 209.250305
v 23.190315 253.617340 233.288116
v 25.336105 229.463196 255.074753
v 27.239502 203.279572 274.400360
v 28.882160 175.318634 291.078949
v 30.248283 145.849640 304.949371
v 31.324738 115.156395 315.878815
v 32.101124 83.534523 323.761658
v 32.569977 51.288528 328.521667
v 32.726719 18.728966 330.113586
v 32.569977 -13.830597 328.521667
v 32.101124 -46.076591 323.761658
v 31.324738 -77.698463 315.878815
v 30.248283 -108.391708 304.949371
v 28.882160 -137.860687 291.078949
v 27.239502 -165.821655 274.400360
v 25.336105 -192.005280 255.074753
v 23.190315 -216.159393 233.288116
v 20.822758 -238.051422 209.250305
v 18.256306 -257.470520 183.192810
v 15.515678 -274.229675 155.366577
v 12.627212 -288.167450 126.039444
v 9.618779 -299.149689 95.494034
v 6.519284 -307.070557 64.024437
v 3.358621 -311.853790 31.933702
v 0.167225 349.311737 32.090481
v 0.167227 344.528503 64.336494
v 0.167238 336.607635 95.958359
v 0.167209 325.625397 126.651566
v 0.167205 311.687622 156.120590
v 0.167187 294.928467 184.081467
v 0.167198 275.509369 210.265060
v 0.167241 253.617340 234.419159
v 0.167233 229.463196 256.311218
v 0.167226 203.279572 275.730316
v 0.167187 175.318634 292.489594
v 0.167191 145.849640 306.427155
v 0.167191 115.156395 317.409485
v 0.167180 83.534523 325.330475
v 0.167217 51.288528 330.113495
v 0.167161 18.728966 331.713135
v 0.167217 -13.830597 330.113495
v 0.167180 -46.076591 325.330475
v 0.167191 -77.698463 317.409485
v 0.167191 -108.391708 306.427155
v 0.167187 -137.860687 292.489594
v 0.167226 -165.821655 275.730316
v 0.167233 -192.005280 256.311218
v 0.167241 -216.159393 234.419159
v 0.167198 -238.051422 210.265060
v 0.167187 -257.470520 184.081467
v 0.167205 -274.229675 156.120590
v 0.167209 -288.167450 126.651566
v 0.167238 -299.149689 95.958359
v 0.167227 -307.070557 64.336494
v 0.167225 -311.853790 32.090481
v -3.024170 349.311737 31.933699
v -6.184830 344.528503 64.024437
v -9.284304 336.607635 95.494034
v -12.292793 325.625397 126.039444
v -15.181268 311.687622 155.366577
v -17.921928 294.928467 183.192810
v -20.488361 275.509369 209.250305
v -22.855835 253.617340 233.288101
v -25.001637 229.463196 255.074753
v -26.905052 203.279572 274.400360
v -28.547787 175.318634 291.078918
v -29.913902 145.849640 304.949371
v -30.990360 115.156395 315.878815
v -31.766758 83.534523 323.761627
v -32.235542 51.288528 328.521667
v -32.392391 18.728966 330.113586
v -32.235542 -13.830597 328.521667
v -31.766758 -46.076591 323.761627
v -30.990360 -77.698463 315.878815
v -29.913902 -108.391708 304.949371
v -28.547787 -137.860687 291.078918
v -26.905052 -165.821655 274.400360
v -25.001637 -192.005280 255.074753
v -22.855835 -216.159393 233.288101
v -20.488361 -238.051422 209.250305
v -17.921928 -257.470520 183.192810
v -15.181268 -274.229675 155.366577
v -12.292793 -288.167450 126.039444
v -9.284304 -299.149689 95.494034
v -6.184830 -307.070557 64.024437
v -3.024170 -311.853790 31.933699
v -6.184830 349.311737 31.464859
v -12.475713 344.528503 63.091270
v -18.644821 336.607635 94.105537
v -24.632797 325.625397 124.208977
v -30.381927 311.687622 153.111771
v -35.836838 294.928467 180.535385
v -40.944992 275.509369 206.215851
v -45.657185 253.617340 229.905838
v -49.928120 229.463196 251.377258
v -53.716602 203.279572 270.423248
v -56.986214 175.318634 286.860474
v -59.705296 145.849640 300.530212
v -61.847847 115.156395 311.301575
v -63.393154 83.534523 319.070282
v -64.326248 51.288528 323.761444
v -64.638382 18.728966 325.330353
v -64.326248 -13.830597 323.761444
v -63.393154 -46.076591 319.070282
v -61.847847 -77.698463 311.301575
v -59.705296 -108.391708 300.530212
v -56.986214 -137.860687 286.860474
v -53.716602 -165.821655 270.423248
v -49.928120 -192.005280 251.377258
v -45.657185 -216.159393 229.905838
v -40.944992 -238.051422 206.215851
v -35.836838 -257.470520 180.535385
v -30.381927 -274.229675 153.111771
v -24.632797 -288.167450 124.208977
v -18.644821 -299.149689 94.105537
v -12.475713 -307.070557 63.091270
v -6.184830 -311.853790 31.464859
v -9.284317 349.311737 30.688478
v -18.644836 344.528503 61.545990
v -27.824169 336.607635 91.806229
v -36.733967 325.625397 121.177788
v -45.288376 311.687622 149.377899
v -53.405010 294.928467 176.134781
v -61.005692 275.509369 201.190903
v -68.017227 253.617340 224.304932
v -74.372162 229.463196 245.254364
v -80.009232 203.279572 263.837311
v -84.874222 175.318634 279.874878
v -88.920090 145.849640 293.212311
v -92.108101 115.156395 303.721771
v -94.407433 83.534523 311.301605
v -95.795845 51.288528 315.878693
v -96.260254 18.728966 317.409454
v -95.795845 -13.830597 315.878693
v -94.407433 -46.076591 311.301605
v -92.108101 -77.698463 303.721771
v -88.920090 -108.391708 293.212311
v -84.874222 -137.860687 279.874878
v -80.009232 -165.821655 263.837311
v -74.372162 -192.005280 245.254364
v -68.017227 -216.159393 224.304932
v -61.005692 -238.051422 201.190903
v -53.405010 -257.470520 176.134781
v -45.288376 -274.229675 149.377899
v -36.733967 -288.167450 121.177788
v -27.824169 -299.149689 91.806229
v -18.644836 -307.070557 61.545990
v -9.284317 -311.853790 30.688478
v -12.292780 349.311737 29.612034
v -24.632790 344.528503 59.403465
v -36.733944 336.607635 88.618263
v -48.479755 325.625397 116.975075
v -59.757069 311.687622 144.200912
v -70.457253 294.928467 170.033386
v -80.477272 275.509369 194.223862
v -89.720612 253.617340 216.539337
v -98.098343 229.463196 236.764999
v -105.529724 203.279572 254.705902
v -111.943237 175.318634 270.189423
v -117.276924 145.849640 283.066040
v -121.479691 115.156395 293.212402
v -124.510895 83.534523 300.530396
v -126.341255 51.288528 304.949402
v -126.953484 18.728966 306.427246
v -126.341255 -13.830597 304.949402
v -124.510895 -46.076591 300.530396
v -121.479691 -77.698463 293.212402
v -117.276924 -108.391708 283.066040
v -111.943237 -137.860687 270.189423
v -105.529724 -165.821655 254.705902
v -98.098343 -192.005280 236.764999
v -89.720612 -216.159393 216.539337
v -80.477272 -238.051422 194.223862
v -70.457253 -257.470520 170.033386
v -59.757069 -274.229675 144.200912
v -48.479755 -288.167450 116.975075
v -36.733944 -299.149689 88.618263
v -24.632790 -307.070557 59.403465
v -12.292780 -311.853790 29.612034
v -15.181247 349.311737 28.245892
v -30.381908 344.528503 56.684338
v -45.288342 336.607635 84.572342
v -59.757042 325.625397 111.641304
v -73.648659 311.687622 137.630676
v -86.829346 294.928467 162.289948
v -99.172188 275.509369 185.381821
v -110.558319 253.617340 206.683838
v -120.878174 229.463196 225.990936
v -130.032303 203.279572 243.117035
v -137.932571 175.318634 257.897400
v -144.502701 145.849640 270.189209
v -149.679749 115.156395 279.874756
v -153.413635 83.534523 286.860413
v -155.668335 51.288528 291.078735
v -156.422470 18.728966 292.489441
v -155.668335 -13.830597 291.078735
v -153.413635 -46.076591 286.860413
v -149.679749 -77.698463 279.874756
v -144.502701 -108.391708 270.189209
v -137.932571 -137.860687 257.897400
v -130.032303 -165.821655 243.117035
v -120.878174 -192.005280 225.990936
v -110.558319 -216.159393 206.683838
v -99.172188 -238.051422 185.381821
v -86.829346 -257.470520 162.289948
v -73.648659 -274.229675 137.630676
v -59.757042 -288.167450 111.641304
v -45.288342 -299.149689 84.572342
v -30.381908 -307.070557 56.684338
v -15.181247 -311.853790 28.245892
v -17.921902 349.311737 26.603207
v -35.836819 344.528503 53.414787
v -53.404976 336.607635 79.707413
v -70.457230 325.625397 105.227859
v -86.829361 311.687622 129.730484
v -102.363609 294.928467 152.979065
v -116.910408 275.509369 174.749924
v -130.329681 253.617340 194.833344
v -142.492264 229.463196 213.035950
v -153.280960 203.279572 229.182327
v -162.591934 175.318634 243.117142
v -170.335236 145.849640 254.705765
v -176.436691 115.156395 263.837280
v -180.837326 83.534523 270.423279
v -183.494629 51.288528 274.400269
v -184.383408 18.728966 275.730286
v -183.494629 -13.830597 274.400269
v -180.837326 -46.076591 270.423279
v -176.436691 -77.698463 263.837280
v -170.335236 -108.391708 254.705765
v -162.591934 -137.860687 243.117142
v -153.280960 -165.821655 229.182327
v -142.492264 -192.005280 213.035950
v -130.329681 -216.159393 194.833344
v -116.910408 -238.051422 174.749924
v -102.363609 -257.470520 152.979065
v -86.829361 -274.229675 129.730484
v -70.457230 -288.167450 105.227859
v -53.404976 -299.149689 79.707413
v -35.836819 -307.070557 53.414787
v -17.921902 -311.853790 26.603207
v 0.167224 350.911285 -0.469081
v -20.488346 349.311737 24.699804
v -40.944996 344.528503 49.626305
v -61.005680 336.607635 74.070351
v -80.477272 325.625397 97.796494
v -99.172234 311.687622 120.576385
v -116.910439 294.928467 142.190384
v -133.521118 275.509369 162.430573
v -148.844299 253.617340 181.101990
v -162.732483 229.463196 198.024796
v -175.051834 203.279572 213.035934
v -185.683823 175.318634 225.991028
v -194.525726 145.849640 236.764847
v -201.492859 115.156395 245.254333
v -206.517838 83.534523 251.377319
v -209.552170 51.288528 255.074692
v -210.567017 18.728966 256.311188
v -209.552170 -13.830597 255.074692
v -206.517838 -46.076591 251.377319
v -201.492859 -77.698463 245.254333
v -194.525726 -108.391708 236.764847
v -185.683823 -137.860687 225.991028
v -175.051834 -165.821655 213.035934
v -162.732483 -192.005280 198.024796
v -148.844299 -216.159393 181.101990
v -133.521118 -238.051422 162.430573
v -116.910439 -257.470520 142.190384
v -99.172234 -274.229675 120.576385
v -80.477272 -288.167450 97.796494
v -61.005680 -299.149689 74.070351
v -40.944996 -307.070557 49.626305
v -20.488346 -311.853790 24.699804
v -22.855865 349.311737 22.554008
v -45.657234 344.528503 45.355377
v -68.017258 336.607635 67.715431
v -89.720650 325.625397 89.418777
v -110.558418 311.687622 110.256554
v -130.329758 294.928467 130.027817
v -148.844330 275.509369 148.542419
v -165.923843 253.617340 165.621979
v -181.403870 229.463196 181.102036
v -195.135254 203.279572 194.833374
v -206.985870 175.318634 206.683975
v -216.841202 145.849640 216.539261
v -224.606903 115.156395 224.304947
v -230.207855 83.534523 229.905945
v -233.589981 51.288528 233.288086
v -234.721146 18.728966 234.419159
v -233.589981 -13.830597 233.288086
v -230.207855 -46.076591 229.905945
v -224.606903 -77.698463 224.304947
v -216.841202 -108.391708 216.539261
v -206.985870 -137.860687 206.683975
v -195.135254 -165.821655 194.833374
v -181.403870 -192.005280 181.102036
v -165.923843 -216.159393 165.621979
v -148.844330 -238.051422 148.542419
v -130.329758 -257.470520 130.027817
v -110.558418 -274.229675 110.256554
v -89.720650 -288.167450 89.418777
v -68.017258 -299.149689 67.715431
v -45.657234 -307.070557 45.355377
v -22.855865 -311.853790 22.554008
v -25.001659 349.311737 20.186489
v -49.928158 344.528503 40.643143
v -74.372177 336.607635 60.703850
v -98.098366 325.625397 80.175385
v -120.878250 311.687622 98.870361
v -142.492310 294.928467 116.608513
v -162.732483 275.509369 133.219208
v -181.403854 253.617340 148.542435
v -198.326630 229.463196 162.430634
v -213.337814 203.279572 174.749954
v -226.292923 175.318634 185.381927
v -237.066788 145.849640 194.223740
v -245.556259 115.156395 201.190887
v -251.679245 83.534523 206.215912
v -255.376556 51.288528 209.250275
v -256.613159 18.728966 210.265015
v -255.376556 -13.830597 209.250275
v -251.679245 -46.076591 206.215912
v -245.556259 -77.698463 201.190887
v -237.066788 -108.391708 194.223740
v -226.292923 -137.860687 185.381927
v -213.337814 -165.821655 174.749954
v -198.326630 -192.005280 162.430634
v -181.403854 -216.159393 148.542435
v -162.732483 -238.051422 133.219208
v -142.492310 -257.470520 116.608513
v -120.878250 -274.229675 98.870361
v -98.098366 -288.167450 80.175385
v -74.372177 -299.149689 60.703850
v -49.928158 -307.070557 40.643143
v -25.001659 -311.853790 20.186489
v -26.905064 349.311737 17.620045
v -53.716637 344.528503 35.534966
v -80.009247 336.607635 53.103146
v -105.529732 325.625397 70.155342
v -130.032349 311.687622 86.527481
v -153.280975 294.928467 102.061668
v -175.051804 275.509369 116.608498
v -195.135208 253.617340 130.027817
v -213.337799 229.463196 142.190414
v -229.484207 203.279572 152.979065
v -243.419037 175.318634 162.290024
v -255.007690 145.849640 170.033234
v -264.139160 115.156395 176.134705
v -270.725220 83.534523 180.535385
v -274.702118 51.288528 183.192734
v -276.032196 18.728966 184.081375
v -274.702118 -13.830597 183.192734
v -270.725220 -46.076591 180.535385
v -264.139160 -77.698463 176.134705
v -255.007690 -108.391708 170.033234
v -243.419037 -137.860687 162.290024
v -229.484207 -165.821655 152.979065
v -213.337799 -192.005280 142.190414
v -195.135208 -216.159393 130.027817
v -175.051804 -238.051422 116.608498
v -153.280975 -257.470520 102.061668
v -130.032349 -274.229675 86.527481
v -105.529732 -288.167450 70.155342
v -80.009247 -299.149689 53.103146
v -53.716637 -307.070557 35.534966
v -26.905064 -311.853790 17.620045
v -28.547745 349.311737 14.879392
v -56.986187 344.528503 30.080057
v -84.874184 336.607635 44.986515
v -111.943176 325.625397 59.455151
v -137.932556 311.687622 73.346771
v -162.591843 294.928467 86.527397
v -185.683685 275.509369 98.870270
v -206.985703 253.617340 110.256462
v -226.292786 229.463196 120.576332
v -243.418900 203.279572 129.730408
v -258.199280 175.318634 137.630661
v -270.491089 145.849640 144.200699
v -280.176605 115.156395 149.377747
v -287.162323 83.534523 153.111694
v -291.380554 51.288528 155.366440
v -292.791351 18.728966 156.120438
v -291.380554 -13.830597 155.366440
v -287.162323 -46.076591 153.111694
v -280.176605 -77.698463 149.377747
v -270.491089 -108.391708 144.200699
v -258.199280 -137.860687 137.630661
v -243.418900 -165.821655 129.730408
v -226.292786 -192.005280 120.576332
v -206.985703 -216.159393 110.256462
v -185.683685 -238.051422 98.870270
v -162.591843 -257.470520 86.527397
v -137.932556 -274.229675 73.346771
v -111.943176 -288.167450 59.455151
v -84.874184 -299.149689 44.986515
v -56.986187 -307.070557 30.080057
v -28.547745 -311.853790 14.879392
v -29.913887 349.311737 11.990926
v -59.705315 344.528503 24.330942
v -88.920113 336.607635 36.432114
v -117.276939 325.625397 48.177856
v -144.502792 311.687622 59.455177
v -170.335266 294.928467 70.155312
v -194.525711 275.509369 80.175354
v -216.841202 253.617340 89.418755
v -237.066849 229.463196 97.796501
v -255.007736 203.279572 105.227844
v -270.491302 175.318634 111.641342
v -283.367889 145.849640 116.974937
v -293.514252 115.156395 121.177704
v -300.832336 83.534523 124.208961
v -305.251221 51.288528 126.039375
v -306.729126 18.728966 126.651474
v -305.251221 -13.830597 126.039375
v -300.832336 -46.076591 124.208961
v -293.514252 -77.698463 121.177704
v -283.367889 -108.391708 116.974937
v -270.491302 -137.860687 111.641342
v -255.007736 -165.821655 105.227844
v -237.066849 -192.005280 97.796501
v -216.841202 -216.159393 89.418755
v -194.525711 -238.051422 80.175354
v -170.335266 -257.470520 70.155312
v -144.502792 -274.229675 59.455177
v -117.276939 -288.167450 48.177856
v -88.920113 -299.149689 36.432114
v -59.705315 -307.070557 24.330942
v -29.913887 -311.853790 11.990926
v -30.990334 349.311737 8.982463
v -61.847839 344.528503 18.342987
v -92.108086 336.607635 27.522343
v -121.479637 325.625397 36.432064
v -149.679779 311.687622 44.986485
v -176.436630 294.928467 53.103062
v -201.492752 275.509369 60.703777
v -224.606781 253.617340 67.715370
v -245.556213 229.463196 74.070320
v -264.139099 203.279572 79.707367
v -280.176758 175.318634 84.572327
v -293.514130 145.849640 88.618103
v -304.023529 115.156395 91.806122
v -311.603516 83.534523 94.105484
v -316.180542 51.288528 95.493965
v -317.711304 18.728966 95.958260
v -316.180542 -13.830597 95.493965
v -311.603516 -46.076591 94.105484
v -304.023529 -77.698463 91.806122
v -293.514130 -108.391708 88.618103
v -280.176758 -137.860687 84.572327
v -264.139099 -165.821655 79.707367
v -245.556213 -192.005280 74.070320
v -224.606781 -216.159393 67.715370
v -201.492752 -238.051422 60.703777
v -176.436630 -257.470520 53.103062
v -149.679779 -274.229675 44.986485
v -121.479637 -288.167450 36.432064
v -92.108086 -299.149689 27.522343
v -61.847839 -307.070557 18.342987
v -30.990334 -311.853790 8.982463
v -31.766720 349.311737 5.882977
v -63.393127 344.528503 12.173862
v -94.407394 336.607635 18.342995
v -124.510818 325.625397 24.330898
v -153.413651 311.687622 30.080030
v -180.837219 294.928467 35.534889
v -206.517685 275.509369 40.643078
v -230.207672 253.617340 45.355335
v -251.679123 229.463196 49.626286
v -270.725037 203.279572 53.414738
v -287.162354 175.318634 56.684303
v -300.832001 145.849640 59.403316
v -311.603302 115.156395 61.545879
v -319.372223 83.534523 63.091194
v -324.063232 51.288528 64.024376
v -325.632172 18.728966 64.336388
v -324.063232 -13.830597 64.024376
v -319.372223 -46.076591 63.091194
v -311.603302 -77.698463 61.545879
v -300.832001 -108.391708 59.403316
v -287.162354 -137.860687 56.684303
v -270.725037 -165.821655 53.414738
v -251.679123 -192.005280 49.626286
v -230.207672 -216.159393 45.355335
v -206.517685 -238.051422 40.643078
v -180.837219 -257.470520 35.534889
v -153.413651 -274.229675 30.080030
v -124.510818 -288.167450 24.330898
v -94.407394 -299.149689 18.342995
v -63.393127 -307.070557 12.173862
v -31.766720 -311.853790 5.882977
v -32.235558 349.311737 2.722316
v -64.326302 344.528503 5.882979
v -95.795891 336.607635 8.982474
v -126.341286 325.625397 11.990893
v -155.668472 311.687622 14.879369
v -183.494644 294.928467 17.619984
v -209.552139 275.509369 20.186451
v -233.589935 253.617340 22.553991
v -255.376617 229.463196 24.699806
v -274.702148 203.279572 26.603189
v -291.380829 175.318634 28.245869
v -305.251129 145.849640 29.611933
v -316.180542 115.156395 30.688404
v -324.063538 83.534523 31.464792
v -328.823456 51.288528 31.933676
v -330.415375 18.728966 32.090405
v -328.823456 -13.830597 31.933676
v -324.063538 -46.076591 31.464792
v -316.180542 -77.698463 30.688404
v -305.251129 -108.391708 29.611933
v -291.380829 -137.860687 28.245869
v -274.702148 -165.821655 26.603189
v -255.376617 -192.005280 24.699806
v -233.589935 -216.159393 22.553991
v -209.552139 -238.051422 20.186451
v -183.494644 -257.470520 17.619984
v -155.668472 -274.229675 14.879369
v -126.341286 -288.167450 11.990893
v -95.795891 -299.149689 8.982474
v -64.326302 -307.070557 5.882979
v -32.235558 -311.853790 2.722316
v -32.392338 349.311737 -0.469079
v -64.638359 344.528503 -0.469078
v -96.260216 336.607635 -0.469067
v -126.953407 325.625397 -0.469107
v -156.422485 311.687622 -0.469107
v -184.383301 294.928467 -0.469132
v -210.566879 275.509369 -0.469105
v -234.720993 253.617340 -0.469081
v -256.613068 229.463196 -0.469068
v -276.032135 203.279572 -0.469083
v -292.791473 175.318634 -0.469110
v -306.728912 145.849640 -0.469151
v -317.711243 115.156395 -0.469132
v -325.632355 83.534523 -0.469155
v -330.415283 51.288528 -0.469081
v -332.014923 18.728966 -0.469143
v -330.415283 -13.830597 -0.469081
v -325.632355 -46.076591 -0.469155
v -317.711243 -77.698463 -0.469132
v -306.728912 -108.391708 -0.469151
v -292.791473 -137.860687 -0.469110
v -276.032135 -165.821655 -0.469083
v -256.613068 -192.005280 -0.469068
v -234.720993 -216.159393 -0.469081
v -210.566879 -238.051422 -0.469105
v -184.383301 -257.470520 -0.469132
v -156.422485 -274.229675 -0.469107
v -126.953407 -288.167450 -0.469107
v -96.260216 -299.149689 -0.469067
v -64.638359 -307.070557 -0.469078
v -32.392338 -311.853790 -0.469079
v -32.235554 349.311737 -3.660475
v -64.326302 344.528503 -6.821136
v -95.795891 336.607635 -9.920609
v -126.341286 325.625397 -12.929107
v -155.668472 311.687622 -15.817582
v -183.494644 294.928467 -18.558247
v -209.552139 275.509369 -21.124659
v -233.589935 253.617340 -23.492151
v -255.376617 229.463196 -25.637938
v -274.702148 203.279572 -27.541353
v -291.380798 175.318634 -29.184084
v -305.251129 145.849640 -30.550234
v -316.180542 115.156395 -31.626671
v -324.063507 83.534523 -32.403099
v -328.823456 51.288528 -32.871838
v -330.415375 18.728966 -33.028694
v -328.823456 -13.830597 -32.871838
v -324.063507 -46.076591 -32.403099
v -316.180542 -77.698463 -31.626671
v -305.251129 -108.391708 -30.550234
v -291.380798 -137.860687 -29.184084
v -274.702148 -165.821655 -27.541353
v -255.376617 -192.005280 -25.637938
v -233.589935 -216.159393 -23.492151
v -209.552139 -238.051422 -21.124659
v -183.494644 -257.470520 -18.558247
v -155.668472 -274.229675 -15.817582
v -126.341286 -288.167450 -12.929107
v -95.795891 -299.149689 -9.920609
v -64.326302 -307.070557 -6.821136
v -32.235554 -311.853790 -3.660475
v -31.766716 349.311737 -6.821135
v -63.393135 344.528503 -13.112020
v -94.407394 336.607635 -19.281126
v -124.510818 325.625397 -25.269110
v -153.413651 311.687622 -31.018242
v -180.837219 294.928467 -36.473156
v -206.517670 275.509369 -41.581291
v -230.207672 253.617340 -46.293499
v -251.679123 229.463196 -50.564423
v -270.725037 203.279572 -54.352901
v -287.162323 175.318634 -57.622520
v -300.831970 145.849640 -60.341618
v -311.603302 115.156395 -62.484146
v -319.372162 83.534523 -64.029495
v -324.063232 51.288528 -64.962532
v -325.632141 18.728966 -65.274666
v -324.063232 -13.830597 -64.962532
v -319.372162 -46.076591 -64.029495
v -311.603302 -77.698463 -62.484146
v -300.831970 -108.391708 -60.341618
v -287.162323 -137.860687 -57.622520
v -270.725037 -165.821655 -54.352901
v -251.679123 -192.005280 -50.564423
v -230.207672 -216.159393 -46.293499
v -206.517670 -238.051422 -41.581291
v -180.837219 -257.470520 -36.473156
v -153.413651 -274.229675 -31.018242
v -124.510818 -288.167450 -25.269110
v -94.407394 -299.149689 -19.281126
v -63.393135 -307.070557 -13.112020
v -31.766716 -311.853790 -6.821135
v -30.990334 349.311737 -9.920622
v -61.847851 344.528503 -19.281143
v -92.108086 336.607635 -28.460474
v -121.479630 325.625397 -37.370277
v -149.679779 311.687622 -45.924698
v -176.436615 294.928467 -54.041325
v -201.492722 275.509369 -61.641987
v -224.606766 253.617340 -68.653526
v -245.556229 229.463196 -75.008461
v -264.139099 203.279572 -80.645523
v -280.176758 175.318634 -85.510521
v -293.514038 145.849640 -89.556396
v -304.023499 115.156395 -92.744377
v -311.603485 83.534523 -95.043770
v -316.180511 51.288528 -96.432129
v -317.711273 18.728966 -96.896530
v -316.180511 -13.830597 -96.432129
v -311.603485 -46.076591 -95.043770
v -304.023499 -77.698463 -92.744377
v -293.514038 -108.391708 -89.556396
v -280.176758 -137.860687 -85.510521
v -264.139099 -165.821655 -80.645523
v -245.556229 -192.005280 -75.008461
v -224.606766 -216.159393 -68.653526
v -201.492722 -238.051422 -61.641987
v -176.436615 -257.470520 -54.041325
v -149.679779 -274.229675 -45.924698
v -121.479630 -288.167450 -37.370277
v -92.108086 -299.149689 -28.460474
v -61.847851 -307.070557 -19.281143
v -30.990334 -311.853790 -9.920622
v -29.913891 349.311737 -12.929085
v -59.705330 344.528503 -25.269098
v -88.920120 336.607635 -37.370251
v -117.276917 325.625397 -49.116070
v -144.502792 311.687622 -60.393391
v -170.335220 294.928467 -71.093559
v -194.525681 275.509369 -81.113548
v -216.841171 253.617340 -90.356911
v -237.066864 229.463196 -98.734642
v -255.007706 203.279572 -106.166000
v -270.491302 175.318634 -112.579536
v -283.367767 145.849640 -117.913216
v -293.514160 115.156395 -122.115952
v -300.832275 83.534523 -125.147240
v -305.251190 51.288528 -126.977547
v -306.729034 18.728966 -127.589752
v -305.251190 -13.830597 -126.977547
v -300.832275 -46.076591 -125.147240
v -293.514160 -77.698463 -122.115952
v -283.367767 -108.391708 -117.913216
v -270.491302 -137.860687 -112.579536
v -255.007706 -165.821655 -106.166000
v -237.066864 -192.005280 -98.734642
v -216.841171 -216.159393 -90.356911
v -194.525681 -238.051422 -81.113548
v -170.335220 -257.470520 -71.093559
v -144.502792 -274.229675 -60.393391
v -117.276917 -288.167450 -49.116070
v -88.920120 -299.149689 -37.370251
v -59.705330 -307.070557 -25.269098
v -29.913891 -311.853790 -12.929085
v -28.547749 349.311737 -15.817552
v -56.986202 344.528503 -31.018215
v -84.874199 336.607635 -45.924648
v -111.943146 325.625397 -60.393356
v -137.932556 311.687622 -74.284973
v -162.591797 294.928467 -87.465645
v -185.683640 275.509369 -99.808456
v -206.985672 253.617340 -111.194618
v -226.292801 229.463196 -121.514473
v -243.418839 203.279572 -130.668579
v -258.199280 175.318634 -138.568878
v -270.490936 145.849640 -145.138977
v -280.176483 115.156395 -150.316010
v -287.162292 83.534523 -154.049988
v -291.380524 51.288528 -156.304626
v -292.791229 18.728966 -157.058731
v -291.380524 -13.830597 -156.304626
v -287.162292 -46.076591 -154.049988
v -280.176483 -77.698463 -150.316010
v -270.490936 -108.391708 -145.138977
v -258.199280 -137.860687 -138.568878
v -243.418839 -165.821655 -130.668579
v -226.292801 -192.005280 -121.514473
v -206.985672 -216.159393 -111.194618
v -185.683640 -238.051422 -99.808456
v -162.591797 -257.470520 -87.465645
v -137.932556 -274.229675 -74.284973
v -111.943146 -288.167450 -60.393356
v -84.874199 -299.149689 -45.924648
v -56.986202 -307.070557 -31.018215
v -28.547749 -311.853790 -15.817552
v -26.905064 349.311737 -18.558205
v -53.716652 344.528503 -36.473129
v -80.009270 336.607635 -54.041283
v -105.529694 325.625397 -71.093536
v -130.032349 311.687622 -87.465675
v -153.280899 294.928467 -102.999901
v -175.051743 275.509369 -117.546677
v -195.135178 253.617340 -130.965988
v -213.337814 229.463196 -143.128571
v -229.484131 203.279572 -153.917236
v -243.419037 175.318634 -163.228241
v -255.007507 145.849640 -170.971497
v -264.139008 115.156395 -177.072937
v -270.725159 83.534523 -181.473679
v -274.702057 51.288528 -184.130905
v -276.032104 18.728966 -185.019669
v -274.702057 -13.830597 -184.130905
v -270.725159 -46.076591 -181.473679
v -264.139008 -77.698463 -177.072937
v -255.007507 -108.391708 -170.971497
v -243.419037 -137.860687 -163.228241
v -229.484131 -165.821655 -153.917236
v -213.337814 -192.005280 -143.128571
v -195.135178 -216.159393 -130.965988
v -175.051743 -238.051422 -117.546677
v -153.280899 -257.470520 -102.999901
v -130.032349 -274.229675 -87.465675
v -105.529694 -288.167450 -71.093536
v -80.009270 -299.149689 -54.041283
v -53.716652 -307.070557 -36.473129
v -26.905064 -311.853790 -18.558205
v -25.001659 349.311737 -21.124649
v -49.928169 344.528503 -41.581306
v -74.372208 336.607635 -61.641987
v -98.098328 325.625397 -81.113571
v -120.878250 311.687622 -99.808548
v -142.492218 294.928467 -117.546730
v -162.732407 275.509369 -134.157394
v -181.403824 253.617340 -149.480606
v -198.326660 229.463196 -163.368790
v -213.337738 203.279572 -175.688110
v -226.292923 175.318634 -186.320129
v -237.066589 145.849640 -195.161972
v -245.556091 115.156395 -202.129089
v -251.679214 83.534523 -207.154190
v -255.376511 51.288528 -210.188431
v -256.613007 18.728966 -211.203278
v -255.376511 -13.830597 -210.188431
v -251.679214 -46.076591 -207.154190
v -245.556091 -77.698463 -202.129089
v -237.066589 -108.391708 -195.161972
v -226.292923 -137.860687 -186.320129
v -213.337738 -165.821655 -175.688110
v -198.326660 -192.005280 -163.368790
v -181.403824 -216.159393 -149.480606
v -162.732407 -238.051422 -134.157394
v -142.492218 -257.470520 -117.546730
v -120.878250 -274.229675 -99.808548
v -98.098328 -288.167450 -81.113571
v -74.372208 -299.149689 -61.641987
v -49.928169 -307.070557 -41.581306
v -25.001659 -311.853790 -21.124649
v -22.855865 349.311737 -23.492168
v -45.657242 344.528503 -46.293545
v -68.017288 336.607635 -68.653557
v -89.720612 325.625397 -90.356949
v -110.558411 311.687622 -111.194733
v -130.329651 294.928467 -130.966049
v -148.844254 275.509369 -149.480591
v -165.923813 253.617340 -166.560150
v -181.403900 229.463196 -182.040176
v -195.135178 203.279572 -195.771515
v -206.985870 175.318634 -207.622177
v -216.841003 145.849640 -217.477448
v -224.606720 115.156395 -225.243118
v -230.207825 83.534523 -230.844208
v -233.589890 51.288528 -234.226227
v -234.721008 18.728966 -235.357391
v -233.589890 -13.830597 -234.226227
v -230.207825 -46.076591 -230.844208
v -224.606720 -77.698463 -225.243118
v -216.841003 -108.391708 -217.477448
v -206.985870 -137.860687 -207.622177
v -195.135178 -165.821655 -195.771515
v -181.403900 -192.005280 -182.040176
v -165.923813 -216.159393 -166.560150
v -148.844254 -238.051422 -149.480591
v -130.329651 -257.470520 -130.966049
v -110.558411 -274.229675 -111.194733
v -89.720612 -288.167450 -90.356949
v -68.017288 -299.149689 -68.653557
v -45.657242 -307.070557 -46.293545
v -22.855865 -311.853790 -23.492168
v -20.488346 349.311737 -25.637962
v -40.945004 344.528503 -50.564472
v -61.005707 336.607635 -75.008476
v -80.477219 325.625397 -98.734665
v -99.172218 311.687622 -121.514565
v -116.910339 294.928467 -143.128601
v -133.521042 275.509369 -163.368744
v -148.844269 253.617340 -182.040161
v -162.732498 229.463196 -198.962936
v -175.051758 203.279572 -213.974075
v -185.683823 175.318634 -226.929230
v -194.525497 145.849640 -237.703018
v -201.492661 115.156395 -246.192474
v -206.517792 83.534523 -252.315582
v -209.552094 51.288528 -256.012848
v -210.566864 18.728966 -257.249420
v -209.552094 -13.830597 -256.012848
v -206.517792 -46.076591 -252.315582
v -201.492661 -77.698463 -246.192474
v -194.525497 -108.391708 -237.703018
v -185.683823 -137.860687 -226.929230
v -175.051758 -165.821655 -213.974075
v -162.732498 -192.005280 -198.962936
v -148.844269 -216.159393 -182.040161
v -133.521042 -238.051422 -163.368744
v -116.910339 -257.470520 -143.128601
v -99.172218 -274.229675 -121.514565
v -80.477219 -288.167450 -98.734665
v -61.005707 -299.149689 -75.008476
v -40.945004 -307.070557 -50.564472
v -20.488346 -311.853790 -25.637962
v -17.921902 349.311737 -27.541367
v -35.836826 344.528503 -54.352951
v -53.405003 336.607635 -80.645546
v -70.457184 325.625397 -106.166023
v -86.829338 311.687622 -130.668671
v -102.363495 294.928467 -153.917267
v -116.910332 275.509369 -175.688080
v -130.329651 253.617340 -195.771515
v -142.492279 229.463196 -213.974106
v -153.280884 203.279572 -230.120453
v -162.591919 175.318634 -244.055344
v -170.335007 145.849640 -255.643906
v -176.436508 115.156395 -264.775360
v -180.837265 83.534523 -271.361572
v -183.494553 51.288528 -275.338409
v -184.383240 18.728966 -276.668488
v -183.494553 -13.830597 -275.338409
v -180.837265 -46.076591 -271.361572
v -176.436508 -77.698463 -264.775360
v -170.335007 -108.391708 -255.643906
v -162.591919 -137.860687 -244.055344
v -153.280884 -165.821655 -230.120453
v -142.492279 -192.005280 -213.974106
v -130.329651 -216.159393 -195.771515
v -116.910332 -238.051422 -175.688080
v -102.363495 -257.470520 -153.917267
v -86.829338 -274.229675 -130.668671
v -70.457184 -288.167450 -106.166023
v -53.405003 -299.149689 -80.645546
v -35.836826 -307.070557 -54.352951
v -17.921902 -311.853790 -27.541367
v -15.181249 349.311737 -29.184050
v -30.381916 344.528503 -57.622501
v -45.288372 336.607635 -85.510483
v -59.756989 325.625397 -112.579468
v -73.648628 311.687622 -138.568878
v -86.829231 294.928467 -163.228134
v -99.172104 275.509369 -186.319962
v -110.558289 253.617340 -207.622009
v -120.878189 229.463196 -226.929092
v -130.032227 203.279572 -244.055145
v -137.932556 175.318634 -258.835602
v -144.502487 145.849640 -271.127289
v -149.679565 115.156395 -280.812805
v -153.413559 83.534523 -287.798676
v -155.668274 51.288528 -292.016846
v -156.422302 18.728966 -293.427643
v -155.668274 -13.830597 -292.016846
v -153.413559 -46.076591 -287.798676
v -149.679565 -77.698463 -280.812805
v -144.502487 -108.391708 -271.127289
v -137.932556 -137.860687 -258.835602
v -130.032227 -165.821655 -244.055145
v -120.878189 -192.005280 -226.929092
v -110.558289 -216.159393 -207.622009
v -99.172104 -238.051422 -186.319962
v -86.829231 -257.470520 -163.228134
v -73.648628 -274.229675 -138.568878
v -59.756989 -288.167450 -112.579468
v -45.288372 -299.149689 -85.510483
v -30.381916 -307.070557 -57.622501
v -15.181249 -311.853790 -29.184050
v -12.292783 349.311737 -30.550192
v -24.632797 344.528503 -60.341629
v -36.733971 336.607635 -89.556412
v -48.479694 325.625397 -117.913231
v -59.757034 311.687622 -145.139114
v -70.457138 294.928467 -170.971542
v -80.477188 275.509369 -195.161987
v -89.720581 253.617340 -217.477509
v -98.098358 229.463196 -237.703156
v -105.529663 203.279572 -255.643997
v -111.943230 175.318634 -271.127625
v -117.276726 145.849640 -284.004089
v -121.479507 115.156395 -294.150452
v -124.510803 83.534523 -301.468689
v -126.341202 51.288528 -305.887482
v -126.953331 18.728966 -307.365417
v -126.341202 -13.830597 -305.887482
v -124.510803 -46.076591 -301.468689
v -121.479507 -77.698463 -294.150452
v -117.276726 -108.391708 -284.004089
v -111.943230 -137.860687 -271.127625
v -105.529663 -165.821655 -255.643997
v -98.098358 -192.005280 -237.703156
v -89.720581 -216.159393 -217.477509
v -80.477188 -238.051422 -195.161987
v -70.457138 -257.470520 -170.971542
v -59.757034 -274.229675 -145.139114
v -48.479694 -288.167450 -117.913231
v -36.733971 -299.149689 -89.556412
v -24.632797 -307.070557 -60.341629
v -12.292783 -311.853790 -30.550192
v -9.284320 349.311737 -31.626638
v -18.644844 344.528503 -62.484154
v -27.824200 336.607635 -92.744385
v -36.733906 325.625397 -122.115929
v -45.288342 311.687622 -150.316101
v -53.404892 294.928467 -177.072906
v -61.005615 275.509369 -202.129013
v -68.017197 253.617340 -225.243088
v -74.372177 229.463196 -246.192520
v -80.009193 203.279572 -264.775360
v -84.874214 175.318634 -280.813080
v -88.919914 145.849640 -294.150330
v -92.107941 115.156395 -304.659729
v -94.407326 83.534523 -312.239868
v -95.795799 51.288528 -316.816803
v -96.260117 18.728966 -318.347626
v -95.795799 -13.830597 -316.816803
v -94.407326 -46.076591 -312.239868
v -92.107941 -77.698463 -304.659729
v -88.919914 -108.391708 -294.150330
v -84.874214 -137.860687 -280.813080
v -80.009193 -165.821655 -264.775360
v -74.372177 -192.005280 -246.192520
v -68.017197 -216.159393 -225.243088
v -61.005615 -238.051422 -202.129013
v -53.404892 -257.470520 -177.072906
v -45.288342 -274.229675 -150.316101
v -36.733906 -288.167450 -122.115929
v -27.824200 -299.149689 -92.744385
v -18.644844 -307.070557 -62.484154
v -9.284320 -311.853790 -31.626638
v -6.184834 349.311737 -32.403023
v -12.475718 344.528503 -64.029442
v -18.644852 336.607635 -95.043694
v -24.632740 325.625397 -125.147102
v -30.381882 311.687622 -154.049973
v -35.836723 294.928467 -181.473495
v -40.944920 275.509369 -207.153946
v -45.657162 253.617340 -230.843979
v -49.928143 229.463196 -252.315430
v -53.716576 203.279572 -271.361298
v -56.986191 175.318634 -287.798676
v -59.705135 145.849640 -301.468201
v -61.847706 115.156395 -312.239502
v -63.393036 83.534523 -320.008545
v -64.326210 51.288528 -324.699524
v -64.638245 18.728966 -326.268463
v -64.326210 -13.830597 -324.699524
v -63.393036 -46.076591 -320.008545
v -61.847706 -77.698463 -312.239502
v -59.705135 -108.391708 -301.468201
v -56.986191 -137.860687 -287.798676
v -53.716576 -165.821655 -271.361298
v -49.928143 -192.005280 -252.315430
v -45.657162 -216.159393 -230.843979
v -40.944920 -238.051422 -207.153946
v -35.836723 -257.470520 -181.473495
v -30.381882 -274.229675 -154.049973
v -24.632740 -288.167450 -125.147102
v -18.644852 -299.149689 -95.043694
v -12.475718 -307.070557 -64.029442
v -6.184834 -311.853790 -32.403023
v -3.024173 349.311737 -32.871864
v -6.184834 344.528503 -64.962608
v -9.284331 336.607635 -96.432190
v -12.292737 325.625397 -126.977570
v -15.181221 311.687622 -156.304794
v -17.921822 294.928467 -184.130905
v -20.488297 275.509369 -210.188400
v -22.855816 253.617340 -234.226242
v -25.001663 229.463196 -256.012909
v -26.905029 203.279572 -275.338409
v -28.547756 175.318634 -292.017151
v -29.913761 145.849640 -305.887329
v -30.990242 115.156395 -316.816772
v -31.766636 83.534523 -324.699860
v -32.235516 51.288528 -329.459747
v -32.392262 18.728966 -331.051666
v -32.235516 -13.830597 -329.459747
v -31.766636 -46.076591 -324.699860
v -30.990242 -77.698463 -316.816772
v -29.913761 -108.391708 -305.887329
v -28.547756 -137.860687 -292.017151
v -26.905029 -165.821655 -275.338409
v -25.001663 -192.005280 -256.012909
v -22.855816 -216.159393 -234.226242
v -20.488297 -238.051422 -210.188400
v -17.921822 -257.470520 -184.130905
v -15.181221 -274.229675 -156.304794
v -12.292737 -288.167450 -126.977570
v -9.284331 -299.149689 -96.432190
v -6.184834 -307.070557 -64.962608
v -3.024173 -311.853790 -32.871864
v 0.167223 349.311737 -33.028645
v 0.167210 336.607635 -96.896515
v 0.167263 325.625397 -127.589691
v 0.167288 294.928467 -185.019562
v 0.167211 229.463196 -257.249390
v 0.167224 175.318634 -293.427795
v 0.167312 145.849640 -307.365082
v 0.167312 83.534523 -326.268677
v 0.167283 -77.698463 -318.347443
v 0.167224 -137.860687 -293.427795
v 0.167211 -192.005280 -257.249390
v 0.167253 -216.159393 -235.357300
v 0.167263 -288.167450 -127.589691
v 0.167210 -299.149689 -96.896515
v 0.167223 -311.853790 -33.028645
vn -0.0000 -0.7723 -0.6353
vn -0.0000 -0.7063 -0.7079
vn 0.0694 -0.7063 -0.7045
vn 0.0623 -0.7723 -0.6322
vn -0.0000 0.3821 -0.9241
vn -0.0000 0.4708 -0.8823
vn 0.0865 0.4708 -0.8780
vn 0.0906 0.3821 -0.9197
vn -0.0000 -0.8308 -0.5566
vn 0.0546 -0.8308 -0.5539
vn -0.0000 0.2899 -0.9571
vn 0.0938 0.2899 -0.9525
vn -0.0000 -0.8813 -0.4726
vn 0.0463 -0.8813 -0.4703
vn -0.0000 0.1948 -0.9808
vn 0.0961 0.1948 -0.9761
vn -0.0000 0.9950 -0.0995
vn -0.0000 1.0000 -0.0000
vn 0.0098 0.9950 -0.0991
vn -0.0000 -0.9233 -0.3840
vn 0.0376 -0.9233 -0.3821
vn -0.0000 0.0979 -0.9952
vn 0.0975 0.0979 -0.9904
vn -0.0000 0.9805 -0.1966
vn 0.0193 0.9805 -0.1956
vn -0.0000 -0.9565 -0.2917
vn 0.0286 -0.9565 -0.2903
vn -0.0000 -0.0000 -1.0000
vn 0.0980 -0.0000 -0.9952
vn -0.0000 0.9565 -0.2917
vn 0.0286 0.9565 -0.2903
vn -0.0000 -0.9805 -0.1966
vn 0.0193 -0.9805 -0.1956
vn -0.0000 -0.0979 -0.9952
vn 0.0975 -0.0979 -0.9904
vn -0.0000 0.9233 -0.3840
vn 0.0376 0.9233 -0.3821
vn -0.0000 -0.9950 -0.0995
vn 0.0098 -0.9950 -0.0991
vn -0.0000 -0.1948 -0.9808
vn 0.0961 -0.1948 -0.9761
vn -0.0000 0.8813 -0.4726
vn 0.0463 0.8813 -0.4703
vn -0.0000 -1.0000 -0.0000
vn -0.0000 -0.2899 -0.9571
vn 0.0938 -0.2899 -0.9525
vn -0.0000 0.8308 -0.5566
vn 0.0546 0.8308 -0.5539
vn -0.0000 -0.3821 -0.9241
vn 0.0906 -0.3821 -0.9197
vn -0.0000 0.7723 -0.6353
vn 0.0623 0.7723 -0.6322
vn -0.0000 -0.4708 -0.8823
vn 0.0865 -0.4708 -0.8780
vn -0.0000 0.7063 -0.7079
vn 0.0694 0.7063 -0.7045
vn -0.0000 -0.5549 -0.8319
vn 0.0815 -0.5549 -0.8279
vn -0.0000 0.6336 -0.7736
vn 0.0758 0.6336 -0.7699
vn -0.0000 -0.6336 -0.7736
vn 0.0758 -0.6336 -0.7699
vn -0.0000 0.5549 -0.8319
vn 0.0815 0.5549 -0.8279
vn 0.1867 -0.2899 -0.9387
vn 0.1803 -0.3821 -0.9063
vn 0.1086 0.8308 -0.5459
vn 0.1239 0.7723 -0.6231
vn 0.1721 -0.4708 -0.8653
vn 0.1381 0.7063 -0.6943
vn 0.1623 -0.5549 -0.8160
vn 0.1509 0.6336 -0.7588
vn 0.1509 -0.6336 -0.7588
vn 0.1623 0.5549 -0.8160
vn 0.1381 -0.7063 -0.6943
vn 0.1721 0.4708 -0.8653
vn 0.1239 -0.7723 -0.6231
vn 0.1803 0.3821 -0.9063
vn 0.1086 -0.8308 -0.5459
vn 0.1867 0.2899 -0.9387
vn 0.0922 -0.8813 -0.4635
vn 0.1914 0.1948 -0.9620
vn 0.0194 0.9950 -0.0976
vn 0.0749 -0.9233 -0.3766
vn 0.1942 0.0979 -0.9761
vn 0.0383 0.9805 -0.1928
vn 0.0569 -0.9565 -0.2861
vn 0.1951 -0.0000 -0.9808
vn 0.0569 0.9565 -0.2861
vn 0.0383 -0.9805 -0.1928
vn 0.1942 -0.0979 -0.9761
vn 0.0749 0.9233 -0.3766
vn 0.0194 -0.9950 -0.0976
vn 0.1914 -0.1948 -0.9620
vn 0.0922 0.8813 -0.4635
vn 0.2561 -0.4708 -0.8443
vn 0.2415 -0.5549 -0.7961
vn 0.2055 0.7063 -0.6774
vn 0.2246 0.6336 -0.7403
vn 0.2246 -0.6336 -0.7403
vn 0.2415 0.5549 -0.7961
vn 0.2055 -0.7063 -0.6774
vn 0.2561 0.4708 -0.8443
vn 0.1844 -0.7723 -0.6080
vn 0.2683 0.3821 -0.8843
vn 0.1616 -0.8308 -0.5327
vn 0.2778 0.2899 -0.9159
vn 0.1372 -0.8813 -0.4522
vn 0.2847 0.1948 -0.9386
vn 0.0289 0.9950 -0.0952
vn 0.1115 -0.9233 -0.3675
vn 0.2889 0.0979 -0.9523
vn 0.0571 0.9805 -0.1881
vn 0.0847 -0.9565 -0.2791
vn 0.2903 -0.0000 -0.9569
vn 0.0847 0.9565 -0.2791
vn 0.0571 -0.9805 -0.1881
vn 0.2889 -0.0979 -0.9523
vn 0.1115 0.9233 -0.3675
vn 0.0289 -0.9950 -0.0952
vn 0.2847 -0.1948 -0.9386
vn 0.1372 0.8813 -0.4522
vn 0.2778 -0.2899 -0.9159
vn 0.1616 0.8308 -0.5327
vn 0.2683 -0.3821 -0.8843
vn 0.1844 0.7723 -0.6080
vn 0.2961 -0.6336 -0.7147
vn 0.2709 -0.7063 -0.6540
vn 0.3184 0.5549 -0.7686
vn 0.3376 0.4708 -0.8151
vn 0.2431 -0.7723 -0.5869
vn 0.3536 0.3821 -0.8538
vn 0.2130 -0.8308 -0.5143
vn 0.3663 0.2899 -0.8842
vn 0.1809 -0.8813 -0.4366
vn 0.3754 0.1948 -0.9062
vn 0.0381 0.9950 -0.0920
vn 0.1469 -0.9233 -0.3548
vn 0.3808 0.0979 -0.9194
vn 0.0752 0.9805 -0.1816
vn 0.1116 -0.9565 -0.2695
vn 0.3827 -0.0000 -0.9239
vn 0.1116 0.9565 -0.2695
vn 0.0752 -0.9805 -0.1816
vn 0.3808 -0.0979 -0.9194
vn 0.1469 0.9233 -0.3548
vn 0.0381 -0.9950 -0.0920
vn 0.3754 -0.1948 -0.9062
vn 0.1809 0.8813 -0.4366
vn 0.3663 -0.2899 -0.8842
vn 0.2130 0.8308 -0.5143
vn 0.3536 -0.3821 -0.8538
vn 0.2431 0.7723 -0.5869
vn 0.3376 -0.4708 -0.8151
vn 0.2709 0.7063 -0.6540
vn 0.3184 -0.5549 -0.7686
vn 0.2961 0.6336 -0.7147
vn 0.2995 -0.7723 -0.5603
vn 0.2624 -0.8308 -0.4909
vn 0.4356 0.3821 -0.8150
vn 0.4512 0.2899 -0.8441
vn 0.2228 -0.8813 -0.4168
vn 0.4624 0.1948 -0.8650
vn 0.0469 0.9950 -0.0878
vn 0.1810 -0.9233 -0.3386
vn 0.4691 0.0979 -0.8777
vn 0.0927 0.9805 -0.1734
vn 0.1375 -0.9565 -0.2572
vn 0.4714 -0.0000 -0.8819
vn 0.1375 0.9565 -0.2572
vn 0.0927 -0.9805 -0.1734
vn 0.4691 -0.0979 -0.8777
vn 0.1810 0.9233 -0.3386
vn 0.0469 -0.9950 -0.0878
vn 0.4624 -0.1948 -0.8650
vn 0.2228 0.8813 -0.4168
vn 0.4512 -0.2899 -0.8441
vn 0.2624 0.8308 -0.4909
vn 0.4356 -0.3821 -0.8150
vn 0.2995 0.7723 -0.5603
vn 0.4159 -0.4708 -0.7781
vn 0.3337 0.7063 -0.6243
vn 0.3922 -0.5549 -0.7337
vn 0.3647 0.6336 -0.6823
vn 0.3647 -0.6336 -0.6823
vn 0.3922 0.5549 -0.7337
vn 0.3337 -0.7063 -0.6243
vn 0.4159 0.4708 -0.7781
vn 0.0553 0.9950 -0.0828
vn 0.2626 -0.8813 -0.3929
vn 0.2133 -0.9233 -0.3193
vn 0.5449 0.1948 -0.8155
vn 0.5529 0.0979 -0.8275
vn 0.1092 0.9805 -0.1634
vn 0.1621 -0.9565 -0.2425
vn 0.5556 -0.0000 -0.8315
vn 0.1621 0.9565 -0.2425
vn 0.1092 -0.9805 -0.1634
vn 0.5529 -0.0979 -0.8275
vn 0.2133 0.9233 -0.3193
vn 0.0553 -0.9950 -0.0828
vn 0.5449 -0.1948 -0.8155
vn 0.2626 0.8813 -0.3929
vn 0.5317 -0.2899 -0.7958
vn 0.3092 0.8308 -0.4628
vn 0.5134 -0.3821 -0.7684
vn 0.3530 0.7723 -0.5282
vn 0.4902 -0.4708 -0.7336
vn 0.3933 0.7063 -0.5886
vn 0.4622 -0.5549 -0.6917
vn 0.4298 0.6336 -0.6432
vn 0.4298 -0.6336 -0.6432
vn 0.4622 0.5549 -0.6917
vn 0.3933 -0.7063 -0.5886
vn 0.4902 0.4708 -0.7336
vn 0.3530 -0.7723 -0.5282
vn 0.5134 0.3821 -0.7684
vn 0.3092 -0.8308 -0.4628
vn 0.5317 0.2899 -0.7958
vn 0.1247 0.9805 -0.1519
vn 0.1850 0.9565 -0.2255
vn 0.1850 -0.9565 -0.2255
vn 0.1247 -0.9805 -0.1519
vn 0.6344 -0.0000 -0.7730
vn 0.6313 -0.0979 -0.7693
vn 0.2436 0.9233 -0.2968
vn 0.0631 -0.9950 -0.0769
vn 0.6222 -0.1948 -0.7582
vn 0.2998 0.8813 -0.3653
vn 0.6072 -0.2899 -0.7398
vn 0.3531 0.8308 -0.4303
vn 0.5862 -0.3821 -0.7143
vn 0.4030 0.7723 -0.4911
vn 0.5597 -0.4708 -0.6820
vn 0.4491 0.7063 -0.5472
vn 0.5278 -0.5549 -0.6431
vn 0.4908 0.6336 -0.5980
vn 0.4908 -0.6336 -0.5980
vn 0.5278 0.5549 -0.6431
vn 0.4491 -0.7063 -0.5472
vn 0.5597 0.4708 -0.6820
vn 0.4030 -0.7723 -0.4911
vn 0.5862 0.3821 -0.7143
vn 0.3531 -0.8308 -0.4303
vn 0.6072 0.2899 -0.7398
vn 0.2998 -0.8813 -0.3653
vn 0.6222 0.1948 -0.7582
vn 0.0631 0.9950 -0.0769
vn 0.2436 -0.9233 -0.2968
vn 0.6313 0.0979 -0.7693
vn 0.2715 0.9233 -0.2715
vn 0.3342 0.8813 -0.3342
vn 0.0704 -0.9950 -0.0704
vn 0.6936 -0.1948 -0.6936
vn 0.6768 -0.2899 -0.6768
vn 0.3936 0.8308 -0.3936
vn 0.6534 -0.3821 -0.6534
vn 0.4492 0.7723 -0.4492
vn 0.6239 -0.4708 -0.6239
vn 0.5005 0.7063 -0.5005
vn 0.5883 -0.5549 -0.5883
vn 0.5470 0.6336 -0.5470
vn 0.5470 -0.6336 -0.5470
vn 0.5883 0.5549 -0.5883
vn 0.5005 -0.7063 -0.5005
vn 0.6239 0.4708 -0.6239
vn 0.4492 -0.7723 -0.4492
vn 0.6534 0.3821 -0.6534
vn 0.3936 -0.8308 -0.3936
vn 0.6768 0.2899 -0.6768
vn 0.3342 -0.8813 -0.3342
vn 0.6936 0.1948 -0.6936
vn 0.0704 0.9950 -0.0704
vn 0.2715 -0.9233 -0.2715
vn 0.7037 0.0979 -0.7037
vn 0.1390 0.9805 -0.1390
vn 0.2063 -0.9565 -0.2063
vn 0.7071 -0.0000 -0.7071
vn 0.2063 0.9565 -0.2063
vn 0.1390 -0.9805 -0.1390
vn 0.7037 -0.0979 -0.7037
vn 0.4303 0.8308 -0.3531
vn 0.4911 0.7723 -0.4030
vn 0.7143 -0.3821 -0.5862
vn 0.6820 -0.4708 -0.5597
vn 0.5472 0.7063 -0.4491
vn 0.6431 -0.5549 -0.5278
vn 0.5980 0.6336 -0.4908
vn 0.5980 -0.6336 -0.4908
vn 0.6431 0.5549 -0.5278
vn 0.5472 -0.7063 -0.4491
vn 0.6820 0.4708 -0.5597
vn 0.4911 -0.7723 -0.4030
vn 0.7143 0.3821 -0.5862
vn 0.4303 -0.8308 -0.3531
vn 0.7398 0.2899 -0.6072
vn 0.3653 -0.8813 -0.2998
vn 0.7582 0.1948 -0.6222
vn 0.0769 0.9950 -0.0631
vn 0.2968 -0.9233 -0.2436
vn 0.7693 0.0979 -0.6313
vn 0.1519 0.9805 -0.1247
vn 0.2255 -0.9565 -0.1850
vn 0.7730 -0.0000 -0.6344
vn 0.2255 0.9565 -0.1850
vn 0.1519 -0.9805 -0.1247
vn 0.7693 -0.0979 -0.6313
vn 0.2968 0.9233 -0.2436
vn 0.0769 -0.9950 -0.0631
vn 0.7582 -0.1948 -0.6222
vn 0.3653 0.8813 -0.2998
vn 0.7398 -0.2899 -0.6072
vn 0.5886 0.7063 -0.3933
vn 0.6432 0.6336 -0.4298
vn 0.6917 -0.5549 -0.4622
vn 0.6432 -0.6336 -0.4298
vn 0.6917 0.5549 -0.4622
vn 0.5886 -0.7063 -0.3933
vn 0.7336 0.4708 -0.4902
vn 0.5282 -0.7723 -0.3530
vn 0.7684 0.3821 -0.5134
vn 0.4628 -0.8308 -0.3092
vn 0.7958 0.2899 -0.5317
vn 0.3929 -0.8813 -0.2626
vn 0.8155 0.1948 -0.5449
vn 0.0828 0.9950 -0.0553
vn 0.3193 -0.9233 -0.2133
vn 0.8275 0.0979 -0.5529
vn 0.1634 0.9805 -0.1092
vn 0.2425 -0.9565 -0.1621
vn 0.8315 -0.0000 -0.5556
vn 0.2425 0.9565 -0.1621
vn 0.1634 -0.9805 -0.1092
vn 0.8275 -0.0979 -0.5529
vn 0.3193 0.9233 -0.2133
vn 0.0828 -0.9950 -0.0553
vn 0.8155 -0.1948 -0.5449
vn 0.3929 0.8813 -0.2626
vn 0.7958 -0.2899 -0.5317
vn 0.4628 0.8308 -0.3092
vn 0.7684 -0.3821 -0.5134
vn 0.5282 0.7723 -0.3530
vn 0.7336 -0.4708 -0.4902
vn 0.7337 0.5549 -0.3922
vn 0.7781 0.4708 -0.4159
vn 0.6243 -0.7063 -0.3337
vn 0.5603 -0.7723 -0.2995
vn 0.8150 0.3821 -0.4356
vn 0.4909 -0.8308 -0.2624
vn 0.8441 0.2899 -0.4512
vn 0.4168 -0.8813 -0.2228
vn 0.8650 0.1948 -0.4624
vn 0.0878 0.9950 -0.0469
vn 0.3386 -0.9233 -0.1810
vn 0.8777 0.0979 -0.4691
vn 0.1734 0.9805 -0.0927
vn 0.2572 -0.9565 -0.1375
vn 0.8819 -0.0000 -0.4714
vn 0.2572 0.9565 -0.1375
vn 0.1734 -0.9805 -0.0927
vn 0.8777 -0.0979 -0.4691
vn 0.3386 0.9233 -0.1810
vn 0.0878 -0.9950 -0.0469
vn 0.8650 -0.1948 -0.4624
vn 0.4168 0.8813 -0.2228
vn 0.8441 -0.2899 -0.4512
vn 0.4909 0.8308 -0.2624
vn 0.8150 -0.3821 -0.4356
vn 0.5603 0.7723 -0.2995
vn 0.7781 -0.4708 -0.4159
vn 0.6243 0.7063 -0.3337
vn 0.7337 -0.5549 -0.3922
vn 0.6823 0.6336 -0.3647
vn 0.6823 -0.6336 -0.3647
vn 0.8538 0.3821 -0.3536
vn 0.8842 0.2899 -0.3663
vn 0.5143 -0.8308 -0.2130
vn 0.4366 -0.8813 -0.1809
vn 0.9062 0.1948 -0.3754
vn 0.0920 0.9950 -0.0381
vn 0.3548 -0.9233 -0.1469
vn 0.9194 0.0979 -0.3808
vn 0.1816 0.9805 -0.0752
vn 0.2695 -0.9565 -0.1116
vn 0.9239 -0.0000 -0.3827
vn 0.2695 0.9565 -0.1116
vn 0.1816 -0.9805 -0.0752
vn 0.9194 -0.0979 -0.3808
vn 0.3548 0.9233 -0.1469
vn 0.0920 -0.9950 -0.0381
vn 0.9062 -0.1948 -0.3754
vn 0.4366 0.8813 -0.1809
vn 0.8842 -0.2899 -0.3663
vn 0.5143 0.8308 -0.2130
vn 0.8538 -0.3821 -0.3536
vn 0.5869 0.7723 -0.2431
vn 0.8151 -0.4708 -0.3376
vn 0.6540 0.7063 -0.2709
vn 0.7686 -0.5549 -0.3184
vn 0.7147 0.6336 -0.2961
vn 0.7147 -0.6336 -0.2961
vn 0.7686 0.5549 -0.3184
vn 0.6540 -0.7063 -0.2709
vn 0.8151 0.4708 -0.3376
vn 0.5869 -0.7723 -0.2431
vn 0.9386 0.1948 -0.2847
vn 0.9523 0.0979 -0.2889
vn 0.0953 0.9950 -0.0289
vn 0.1881 0.9805 -0.0571
vn 0.3675 -0.9233 -0.1115
vn 0.2791 -0.9565 -0.0847
vn 0.9569 -0.0000 -0.2903
vn 0.2791 0.9565 -0.0847
vn 0.1881 -0.9805 -0.0571
vn 0.9523 -0.0979 -0.2889
vn 0.3675 0.9233 -0.1115
vn 0.0953 -0.9950 -0.0289
vn 0.9386 -0.1948 -0.2847
vn 0.4522 0.8813 -0.1372
vn 0.9159 -0.2899 -0.2778
vn 0.5327 0.8308 -0.1616
vn 0.8843 -0.3821 -0.2683
vn 0.6080 0.7723 -0.1844
vn 0.8443 -0.4708 -0.2561
vn 0.6774 0.7063 -0.2055
vn 0.7961 -0.5549 -0.2415
vn 0.7403 0.6336 -0.2246
vn 0.7403 -0.6336 -0.2246
vn 0.7961 0.5549 -0.2415
vn 0.6774 -0.7063 -0.2055
vn 0.8443 0.4708 -0.2561
vn 0.6080 -0.7723 -0.1844
vn 0.8843 0.3821 -0.2683
vn 0.5327 -0.8308 -0.1616
vn 0.9159 0.2899 -0.2778
vn 0.4522 -0.8813 -0.1372
vn 0.9808 -0.0000 -0.1951
vn 0.9761 -0.0979 -0.1942
vn 0.2861 0.9565 -0.0569
vn 0.3766 0.9233 -0.0749
vn 0.1928 -0.9805 -0.0383
vn 0.0976 -0.9950 -0.0194
vn 0.9620 -0.1948 -0.1914
vn 0.4635 0.8813 -0.0922
vn 0.9387 -0.2899 -0.1867
vn 0.5459 0.8308 -0.1086
vn 0.9063 -0.3821 -0.1803
vn 0.6231 0.7723 -0.1239
vn 0.8653 -0.4708 -0.1721
vn 0.6943 0.7063 -0.1381
vn 0.8160 -0.5549 -0.1623
vn 0.7588 0.6336 -0.1509
vn 0.7588 -0.6336 -0.1509
vn 0.8160 0.5549 -0.1623
vn 0.6943 -0.7063 -0.1381
vn 0.8653 0.4708 -0.1721
vn 0.6231 -0.7723 -0.1239
vn 0.9063 0.3821 -0.1803
vn 0.5459 -0.8308 -0.1086
vn 0.9387 0.2899 -0.1867
vn 0.4635 -0.8813 -0.0922
vn 0.9620 0.1948 -0.1914
vn 0.0976 0.9950 -0.0194
vn 0.3766 -0.9233 -0.0749
vn 0.9761 0.0979 -0.1942
vn 0.1928 0.9805 -0.0383
vn 0.2861 -0.9565 -0.0569
vn 0.9761 -0.1948 -0.0961
vn 0.9525 -0.2899 -0.0938
vn 0.4703 0.8813 -0.0463
vn 0.5539 0.8308 -0.0546
vn 0.9197 -0.3821 -0.0906
vn 0.6322 0.7723 -0.0623
vn 0.8780 -0.4708 -0.0865
vn 0.7045 0.7063 -0.0694
vn 0.8279 -0.5549 -0.0815
vn 0.7699 0.6336 -0.0758
vn 0.7699 -0.6336 -0.0758
vn 0.8279 0.5549 -0.0815
vn 0.7045 -0.7063 -0.0694
vn 0.8780 0.4708 -0.0865
vn 0.6322 -0.7723 -0.0623
vn 0.9197 0.3821 -0.0906
vn 0.5539 -0.8308 -0.0546
vn 0.9525 0.2899 -0.0938
vn 0.4703 -0.8813 -0.0463
vn 0.9761 0.1948 -0.0961
vn 0.0991 0.9950 -0.0098
vn 0.3821 -0.9233 -0.0376
vn 0.9904 0.0979 -0.0975
vn 0.1956 0.9805 -0.0193
vn 0.2903 -0.9565 -0.0286
vn 0.9952 -0.0000 -0.0980
vn 0.2903 0.9565 -0.0286
vn 0.1956 -0.9805 -0.0193
vn 0.9904 -0.0979 -0.0975
vn 0.3821 0.9233 -0.0376
vn 0.0991 -0.9950 -0.0098
vn 0.9241 -0.3821 -0.0000
vn 0.8823 -0.4708 -0.0000
vn 0.6353 0.7723 -0.0000
vn 0.7079 0.7063 -0.0000
vn 0.8319 -0.5549 -0.0000
vn 0.7736 0.6336 -0.0000
vn 0.7736 -0.6336 -0.0000
vn 0.8319 0.5549 -0.0000
vn 0.7079 -0.7063 -0.0000
vn 0.8823 0.4708 -0.0000
vn 0.6353 -0.7723 -0.0000
vn 0.9241 0.3821 -0.0000
vn 0.5566 -0.8308 -0.0000
vn 0.9571 0.2899 -0.0000
vn 0.4726 -0.8813 -0.0000
vn 0.9808 0.1948 -0.0000
vn 0.0995 0.9950 -0.0000
vn 0.3840 -0.9233 -0.0000
vn 0.9952 0.0979 -0.0000
vn 0.1966 0.9805 -0.0000
vn 0.2917 -0.9565 -0.0000
vn 1.0000 -0.0000 -0.0000
vn 0.2917 0.9565 -0.0000
vn 0.1966 -0.9805 -0.0000
vn 0.9952 -0.0979 -0.0000
vn 0.3840 0.9233 -0.0000
vn 0.0995 -0.9950 -0.0000
vn 0.9808 -0.1948 -0.0000
vn 0.4726 0.8813 -0.0000
vn 0.9571 -0.2899 -0.0000
vn 0.5566 0.8308 -0.0000
vn 0.8279 -0.5549 0.0815
vn 0.7699 -0.6336 0.0758
vn 0.7699 0.6336 0.0758
vn 0.8279 0.5549 0.0815
vn 0.7045 -0.7063 0.0694
vn 0.8780 0.4708 0.0865
vn 0.6322 -0.7723 0.0623
vn 0.9197 0.3821 0.0906
vn 0.5539 -0.8308 0.0546
vn 0.9525 0.2899 0.0938
vn 0.4703 -0.8813 0.0463
vn 0.9761 0.1948 0.0961
vn 0.0991 0.9950 0.0098
vn 0.3821 -0.9233 0.0376
vn 0.9904 0.0979 0.0975
vn 0.1956 0.9805 0.0193
vn 0.2903 -0.9565 0.0286
vn 0.9952 -0.0000 0.0980
vn 0.2903 0.9565 0.0286
vn 0.1956 -0.9805 0.0193
vn 0.9904 -0.0979 0.0975
vn 0.3821 0.9233 0.0376
vn 0.0991 -0.9950 0.0098
vn 0.9761 -0.1948 0.0961
vn 0.4703 0.8813 0.0463
vn 0.9525 -0.2899 0.0938
vn 0.5539 0.8308 0.0546
vn 0.9197 -0.3821 0.0906
vn 0.6322 0.7723 0.0623
vn 0.8780 -0.4708 0.0865
vn 0.7045 0.7063 0.0694
vn 0.6943 -0.7063 0.1381
vn 0.6231 -0.7723 0.1239
vn 0.8653 0.4708 0.1721
vn 0.9063 0.3821 0.1803
vn 0.5459 -0.8308 0.1086
vn 0.9387 0.2899 0.1867
vn 0.4635 -0.8813 0.0922
vn 0.9620 0.1948 0.1914
vn 0.0976 0.9950 0.0194
vn 0.3766 -0.9233 0.0749
vn 0.9761 0.0979 0.1942
vn 0.1928 0.9805 0.0383
vn 0.2861 -0.9565 0.0569
vn 0.9808 -0.0000 0.1951
vn 0.2861 0.9565 0.0569
vn 0.1928 -0.9805 0.0383
vn 0.9761 -0.0979 0.1942
vn 0.3766 0.9233 0.0749
vn 0.0976 -0.9950 0.0194
vn 0.9620 -0.1948 0.1914
vn 0.4635 0.8813 0.0922
vn 0.9387 -0.2899 0.1867
vn 0.5459 0.8308 0.1086
vn 0.9063 -0.3821 0.1803
vn 0.6231 0.7723 0.1239
vn 0.8653 -0.4708 0.1721
vn 0.6943 0.7063 0.1381
vn 0.8160 -0.5549 0.1623
vn 0.7588 0.6336 0.1509
vn 0.7588 -0.6336 0.1509
vn 0.8160 0.5549 0.1623
vn 0.5327 -0.8308 0.1616
vn 0.4522 -0.8813 0.1372
vn 0.9159 0.2899 0.2778
vn 0.9386 0.1948 0.2847
vn 0.0953 0.9950 0.0289
vn 0.3675 -0.9233 0.1115
vn 0.9523 0.0979 0.2889
vn 0.1881 0.9805 0.0571
vn 0.2791 -0.9565 0.0847
vn 0.9569 -0.0000 0.2903
vn 0.2791 0.9565 0.0847
vn 0.1881 -0.9805 0.0571
vn 0.9523 -0.0979 0.2889
vn 0.3675 0.9233 0.1115
vn 0.0953 -0.9950 0.0289
vn 0.9386 -0.1948 0.2847
vn 0.4522 0.8813 0.1372
vn 0.9159 -0.2899 0.2778
vn 0.5327 0.8308 0.1616
vn 0.8843 -0.3821 0.2683
vn 0.6080 0.7723 0.1844
vn 0.8443 -0.4708 0.2561
vn 0.6774 0.7063 0.2055
vn 0.7961 -0.5549 0.2415
vn 0.7403 0.6336 0.2246
vn 0.7403 -0.6336 0.2246
vn 0.7961 0.5549 0.2415
vn 0.6774 -0.7063 0.2055
vn 0.8443 0.4708 0.2561
vn 0.6080 -0.7723 0.1844
vn 0.8843 0.3821 0.2683
vn 0.0920 0.9950 0.0381
vn 0.1816 0.9805 0.0752
vn 0.3548 -0.9233 0.1469
vn 0.2695 -0.9565 0.1116
vn 0.9194 0.0979 0.3808
vn 0.9239 -0.0000 0.3827
vn 0.2695 0.9565 0.1116
vn 0.1816 -0.9805 0.0752
vn 0.9194 -0.0979 0.3808
vn 0.3548 0.9233 0.1469
vn 0.0920 -0.9950 0.0381
vn 0.9062 -0.1948 0.3754
vn 0.4366 0.8813 0.1809
vn 0.8842 -0.2899 0.3663
vn 0.5143 0.8308 0.2130
vn 0.8538 -0.3821 0.3536
vn 0.5869 0.7723 0.2431
vn 0.8151 -0.4708 0.3376
vn 0.6540 0.7063 0.2709
vn 0.7686 -0.5549 0.3184
vn 0.7147 0.6336 0.2961
vn 0.7147 -0.6336 0.2961
vn 0.7686 0.5549 0.3184
vn 0.6540 -0.7063 0.2709
vn 0.8151 0.4708 0.3376
vn 0.5869 -0.7723 0.2431
vn 0.8538 0.3821 0.3536
vn 0.5143 -0.8308 0.2130
vn 0.8842 0.2899 0.3663
vn 0.4366 -0.8813 0.1809
vn 0.9062 0.1948 0.3754
vn 0.2572 0.9565 0.1375
vn 0.3386 0.9233 0.1810
vn 0.1734 -0.9805 0.0927
vn 0.0878 -0.9950 0.0469
vn 0.8777 -0.0979 0.4691
vn 0.8650 -0.1948 0.4624
vn 0.4168 0.8813 0.2228
vn 0.8441 -0.2899 0.4512
vn 0.4909 0.8308 0.2624
vn 0.8150 -0.3821 0.4356
vn 0.5603 0.7723 0.2995
vn 0.7781 -0.4708 0.4159
vn 0.6243 0.7063 0.3337
vn 0.7337 -0.5549 0.3922
vn 0.6823 0.6336 0.3647
vn 0.6823 -0.6336 0.3647
vn 0.7337 0.5549 0.3922
vn 0.6243 -0.7063 0.3337
vn 0.7781 0.4708 0.4159
vn 0.5603 -0.7723 0.2995
vn 0.8150 0.3821 0.4356
vn 0.4909 -0.8308 0.2624
vn 0.8441 0.2899 0.4512
vn 0.4168 -0.8813 0.2228
vn 0.8650 0.1948 0.4624
vn 0.0878 0.9950 0.0469
vn 0.3386 -0.9233 0.1810
vn 0.8777 0.0979 0.4691
vn 0.1734 0.9805 0.0927
vn 0.2572 -0.9565 0.1375
vn 0.8819 -0.0000 0.4714
vn 0.3929 0.8813 0.2626
vn 0.4628 0.8308 0.3092
vn 0.7958 -0.2899 0.5317
vn 0.7684 -0.3821 0.5134
vn 0.5282 0.7723 0.3530
vn 0.7336 -0.4708 0.4902
vn 0.5886 0.7063 0.3933
vn 0.6917 -0.5549 0.4622
vn 0.6432 0.6336 0.4298
vn 0.6432 -0.6336 0.4298
vn 0.6917 0.5549 0.4622
vn 0.5886 -0.7063 0.3933
vn 0.7336 0.4708 0.4902
vn 0.5282 -0.7723 0.3530
vn 0.7684 0.3821 0.5134
vn 0.4628 -0.8308 0.3092
vn 0.7958 0.2899 0.5317
vn 0.3929 -0.8813 0.2626
vn 0.8155 0.1948 0.5449
vn 0.0828 0.9950 0.0553
vn 0.3193 -0.9233 0.2133
vn 0.8275 0.0979 0.5529
vn 0.1634 0.9805 0.1092
vn 0.2425 -0.9565 0.1621
vn 0.8315 -0.0000 0.5556
vn 0.2425 0.9565 0.1621
vn 0.1634 -0.9805 0.1092
vn 0.8275 -0.0979 0.5529
vn 0.3193 0.9233 0.2133
vn 0.0828 -0.9950 0.0553
vn 0.8155 -0.1948 0.5449
vn 0.4911 0.7723 0.4030
vn 0.5472 0.7063 0.4491
vn 0.6820 -0.4708 0.5597
vn 0.6431 -0.5549 0.5278
vn 0.5980 0.6336 0.4908
vn 0.5980 -0.6336 0.4908
vn 0.6431 0.5549 0.5278
vn 0.5472 -0.7063 0.4491
vn 0.6820 0.4708 0.5597
vn 0.4911 -0.7723 0.4030
vn 0.7143 0.3821 0.5862
vn 0.4303 -0.8308 0.3531
vn 0.7398 0.2899 0.6072
vn 0.3653 -0.8813 0.2998
vn 0.7582 0.1948 0.6222
vn 0.0769 0.9950 0.0631
vn 0.2968 -0.9233 0.2436
vn 0.7693 0.0979 0.6313
vn 0.1519 0.9805 0.1247
vn 0.2255 -0.9565 0.1850
vn 0.7730 -0.0000 0.6344
vn 0.2255 0.9565 0.1850
vn 0.1519 -0.9805 0.1247
vn 0.7693 -0.0979 0.6313
vn 0.2968 0.9233 0.2436
vn 0.0769 -0.9950 0.0631
vn 0.7582 -0.1948 0.6222
vn 0.3653 0.8813 0.2998
vn 0.7398 -0.2899 0.6072
vn 0.4303 0.8308 0.3531
vn 0.7143 -0.3821 0.5862
vn 0.5470 0.6336 0.5470
vn 0.5883 0.5549 0.5883
vn 0.5470 -0.6336 0.5470
vn 0.5005 -0.7063 0.5005
vn 0.6239 0.4708 0.6239
vn 0.4492 -0.7723 0.4492
vn 0.6534 0.3821 0.6534
vn 0.3936 -0.8308 0.3936
vn 0.6767 0.2899 0.6767
vn 0.3342 -0.8813 0.3342
vn 0.6936 0.1948 0.6936
vn 0.0704 0.9950 0.0704
vn 0.2715 -0.9233 0.2715
vn 0.7037 0.0979 0.7037
vn 0.1390 0.9805 0.1390
vn 0.2063 -0.9565 0.2063
vn 0.7071 -0.0000 0.7071
vn 0.2063 0.9565 0.2063
vn 0.1390 -0.9805 0.1390
vn 0.7037 -0.0979 0.7037
vn 0.2715 0.9233 0.2715
vn 0.0704 -0.9950 0.0704
vn 0.6936 -0.1948 0.6936
vn 0.3342 0.8813 0.3342
vn 0.6767 -0.2899 0.6767
vn 0.3936 0.8308 0.3936
vn 0.6534 -0.3821 0.6534
vn 0.4492 0.7723 0.4492
vn 0.6239 -0.4708 0.6239
vn 0.5005 0.7063 0.5005
vn 0.5883 -0.5549 0.5883
vn 0.5597 0.4708 0.6820
vn 0.5862 0.3821 0.7143
vn 0.4030 -0.7723 0.4911
vn 0.3531 -0.8308 0.4303
vn 0.6072 0.2899 0.7398
vn 0.2998 -0.8813 0.3653
vn 0.6222 0.1948 0.7582
vn 0.0631 0.9950 0.0769
vn 0.2436 -0.9233 0.2968
vn 0.6313 0.0979 0.7693
vn 0.1247 0.9805 0.1519
vn 0.1850 -0.9565 0.2255
vn 0.6344 -0.0000 0.7730
vn 0.1850 0.9565 0.2255
vn 0.1247 -0.9805 0.1519
vn 0.6313 -0.0979 0.7693
vn 0.2436 0.9233 0.2968
vn 0.0631 -0.9950 0.0769
vn 0.6222 -0.1948 0.7582
vn 0.2998 0.8813 0.3653
vn 0.6072 -0.2899 0.7398
vn 0.3531 0.8308 0.4303
vn 0.5862 -0.3821 0.7143
vn 0.4030 0.7723 0.4911
vn 0.5597 -0.4708 0.6820
vn 0.4491 0.7063 0.5472
vn 0.5278 -0.5549 0.6431
vn 0.4908 0.6336 0.5980
vn 0.4908 -0.6336 0.5980
vn 0.5278 0.5549 0.6431
vn 0.4491 -0.7063 0.5472
vn 0.5317 0.2899 0.7958
vn 0.5449 0.1948 0.8155
vn 0.0553 0.9950 0.0828
vn 0.2626 -0.8813 0.3929
vn 0.2133 -0.9233 0.3193
vn 0.5529 0.0979 0.8275
vn 0.1092 0.9805 0.1634
vn 0.1621 -0.9565 0.2425
vn 0.5556 -0.0000 0.8315
vn 0.1621 0.9565 0.2425
vn 0.1092 -0.9805 0.1634
vn 0.5529 -0.0979 0.8275
vn 0.2133 0.9233 0.3193
vn 0.0553 -0.9950 0.0828
vn 0.5449 -0.1948 0.8155
vn 0.2626 0.8813 0.3929
vn 0.5317 -0.2899 0.7958
vn 0.3092 0.8308 0.4628
vn 0.5134 -0.3821 0.7684
vn 0.3530 0.7723 0.5282
vn 0.4902 -0.4708 0.7336
vn 0.3933 0.7063 0.5886
vn 0.4622 -0.5549 0.6917
vn 0.4298 0.6336 0.6432
vn 0.4298 -0.6336 0.6432
vn 0.4622 0.5549 0.6917
vn 0.3933 -0.7063 0.5886
vn 0.4902 0.4708 0.7336
vn 0.3530 -0.7723 0.5282
vn 0.5134 0.3821 0.7684
vn 0.3092 -0.8308 0.4628
vn 0.2995 0.7723 0.5603
vn 0.3337 0.7063 0.6243
vn 0.4159 -0.4708 0.7781
vn 0.3922 -0.5549 0.7337
vn 0.3647 0.6336 0.6823
vn 0.3647 -0.6336 0.6823
vn 0.3922 0.5549 0.7337
vn 0.3337 -0.7063 0.6243
vn 0.4159 0.4708 0.7781
vn 0.2995 -0.7723 0.5603
vn 0.4356 0.3821 0.8150
vn 0.2624 -0.8308 0.4909
vn 0.4512 0.2899 0.8441
vn 0.2228 -0.8813 0.4168
vn 0.4624 0.1948 0.8650
vn 0.0469 0.9950 0.0878
vn 0.1810 -0.9233 0.3386
vn 0.4691 0.0979 0.8777
vn 0.0927 0.9805 0.1734
vn 0.1375 -0.9565 0.2572
vn 0.4714 -0.0000 0.8819
vn 0.1375 0.9565 0.2572
vn 0.0927 -0.9805 0.1734
vn 0.4691 -0.0979 0.8777
vn 0.1810 0.9233 0.3386
vn 0.0469 -0.9950 0.0878
vn 0.4624 -0.1948 0.8650
vn 0.2228 0.8813 0.4168
vn 0.4512 -0.2899 0.8441
vn 0.2624 0.8308 0.4909
vn 0.4356 -0.3821 0.8150
vn 0.2961 0.6336 0.7147
vn 0.3184 0.5549 0.7686
vn 0.2961 -0.6336 0.7147
vn 0.2709 -0.7063 0.6540
vn 0.3376 0.4708 0.8151
vn 0.2431 -0.7723 0.5869
vn 0.3536 0.3821 0.8538
vn 0.2130 -0.8308 0.5143
vn 0.3663 0.2899 0.8842
vn 0.1809 -0.8813 0.4366
vn 0.3754 0.1948 0.9062
vn 0.0381 0.9950 0.0920
vn 0.1469 -0.9233 0.3548
vn 0.3808 0.0979 0.9194
vn 0.0752 0.9805 0.1816
vn 0.1116 -0.9565 0.2695
vn 0.3827 -0.0000 0.9239
vn 0.1116 0.9565 0.2695
vn 0.0752 -0.9805 0.1816
vn 0.3808 -0.0979 0.9194
vn 0.1469 0.9233 0.3548
vn 0.0381 -0.9950 0.0920
vn 0.3754 -0.1948 0.9062
vn 0.1809 0.8813 0.4366
vn 0.3663 -0.2899 0.8842
vn 0.2130 0.8308 0.5143
vn 0.3536 -0.3821 0.8538
vn 0.2431 0.7723 0.5869
vn 0.3376 -0.4708 0.8151
vn 0.2709 0.7063 0.6540
vn 0.3184 -0.5549 0.7686
vn 0.2561 0.4708 0.8443
vn 0.2683 0.3821 0.8843
vn 0.1844 -0.7723 0.6080
vn 0.1616 -0.8308 0.5327
vn 0.2778 0.2899 0.9159
vn 0.1372 -0.8813 0.4522
vn 0.2847 0.1948 0.9386
vn 0.0289 0.9950 0.0952
vn 0.1115 -0.9233 0.3675
vn 0.2889 0.0979 0.9523
vn 0.0571 0.9805 0.1881
vn 0.0847 -0.9565 0.2791
vn 0.2903 -0.0000 0.9569
vn 0.0847 0.9565 0.2791
vn 0.0571 -0.9805 0.1881
vn 0.2889 -0.0979 0.9523
vn 0.1115 0.9233 0.3675
vn 0.0289 -0.9950 0.0952
vn 0.2847 -0.1948 0.9386
vn 0.1372 0.8813 0.4522
vn 0.2778 -0.2899 0.9159
vn 0.1616 0.8308 0.5327
vn 0.2683 -0.3821 0.8843
vn 0.1844 0.7723 0.6080
vn 0.2561 -0.4708 0.8443
vn 0.2055 0.7063 0.6774
vn 0.2415 -0.5549 0.7961
vn 0.2246 0.6336 0.7403
vn 0.2246 -0.6336 0.7403
vn 0.2415 0.5549 0.7961
vn 0.2055 -0.7063 0.6774
vn 0.1867 0.2899 0.9387
vn 0.1914 0.1948 0.9620
vn 0.0194 0.9950 0.0976
vn 0.0922 -0.8813 0.4635
vn 0.0749 -0.9233 0.3766
vn 0.1942 0.0979 0.9761
vn 0.0383 0.9805 0.1928
vn 0.0569 -0.9565 0.2861
vn 0.1951 -0.0000 0.9808
vn 0.0569 0.9565 0.2861
vn 0.0383 -0.9805 0.1928
vn 0.1942 -0.0979 0.9761
vn 0.0749 0.9233 0.3766
vn 0.0194 -0.9950 0.0976
vn 0.1914 -0.1948 0.9620
vn 0.0922 0.8813 0.4635
vn 0.1867 -0.2899 0.9387
vn 0.1086 0.8308 0.5459
vn 0.1803 -0.3821 0.9063
vn 0.1239 0.7723 0.6231
vn 0.1721 -0.4708 0.8653
vn 0.1381 0.7063 0.6943
vn 0.1623 -0.5549 0.8160
vn 0.1509 0.6336 0.7588
vn 0.1509 -0.6336 0.7588
vn 0.1623 0.5549 0.8160
vn 0.1381 -0.7063 0.6943
vn 0.1721 0.4708 0.8653
vn 0.1239 -0.7723 0.6231
vn 0.1803 0.3821 0.9063
vn 0.1086 -0.8308 0.5459
vn 0.0975 0.0979 0.9904
vn 0.0980 -0.0000 0.9952
vn 0.0193 0.9805 0.1956
vn 0.0286 0.9565 0.2903
vn 0.0286 -0.9565 0.2903
vn 0.0193 -0.9805 0.1956
vn 0.0975 -0.0979 0.9904
vn 0.0376 0.9233 0.3821
vn 0.0098 -0.9950 0.0991
vn 0.0961 -0.1948 0.9761
vn 0.0463 0.8813 0.4703
vn 0.0938 -0.2899 0.9525
vn 0.0546 0.8308 0.5539
vn 0.0906 -0.3821 0.9197
vn 0.0623 0.7723 0.6322
vn 0.0865 -0.4708 0.8780
vn 0.0694 0.7063 0.7045
vn 0.0815 -0.5549 0.8279
vn 0.0758 0.6336 0.7699
vn 0.0758 -0.6336 0.7699
vn 0.0815 0.5549 0.8279
vn 0.0694 -0.7063 0.7045
vn 0.0865 0.4708 0.8780
vn 0.0623 -0.7723 0.6322
vn 0.0906 0.3821 0.9197
vn 0.0546 -0.8308 0.5539
vn 0.0938 0.2899 0.9525
vn 0.0463 -0.8813 0.4703
vn 0.0961 0.1948 0.9761
vn 0.0098 0.9950 0.0991
vn 0.0376 -0.9233 0.3821
vn -0.0000 -0.0979 0.9952
vn -0.0000 -0.1948 0.9808
vn -0.0000 0.9233 0.3840
vn -0.0000 0.8813 0.4726
vn -0.0000 -0.9950 0.0995
vn -0.0000 -0.2899 0.9571
vn -0.0000 0.8308 0.5566
vn -0.0000 -0.3821 0.9241
vn -0.0000 0.7723 0.6353
vn -0.0000 -0.4708 0.8823
vn -0.0000 0.7063 0.7079
vn -0.0000 -0.5549 0.8319
vn -0.0000 0.6336 0.7736
vn -0.0000 -0.6336 0.7736
vn -0.0000 0.5549 0.8319
vn -0.0000 -0.7063 0.7079
vn -0.0000 0.4708 0.8823
vn -0.0000 -0.7723 0.6353
vn -0.0000 0.3821 0.9241
vn -0.0000 -0.8308 0.5566
vn -0.0000 0.2899 0.9571
vn -0.0000 -0.8813 0.4726
vn -0.0000 0.1948 0.9808
vn -0.0000 0.9950 0.0995
vn -0.0000 -0.9233 0.3840
vn -0.0000 0.0979 0.9952
vn -0.0000 0.9805 0.1966
vn -0.0000 -0.9565 0.2917
vn -0.0000 -0.0000 1.0000
vn -0.0000 0.9565 0.2917
vn -0.0000 -0.9805 0.1966
vn -0.0938 -0.2899 0.9525
vn -0.0906 -0.3821 0.9197
vn -0.0546 0.8308 0.5539
vn -0.0623 0.7723 0.6322
vn -0.0865 -0.4708 0.8780
vn -0.0694 0.7063 0.7045
vn -0.0815 -0.5549 0.8279
vn -0.0758 0.6336 0.7699
vn -0.0758 -0.6336 0.7699
vn -0.0815 0.5549 0.8279
vn -0.0694 -0.7063 0.7045
vn -0.0865 0.4708 0.8780
vn -0.0623 -0.7723 0.6322
vn -0.0906 0.3821 0.9197
vn -0.0546 -0.8308 0.5539
vn -0.0938 0.2899 0.9525
vn -0.0463 -0.8813 0.4703
vn -0.0961 0.1948 0.9761
vn -0.0098 0.9950 0.0991
vn -0.0376 -0.9233 0.3821
vn -0.0975 0.0979 0.9904
vn -0.0193 0.9805 0.1956
vn -0.0286 -0.9565 0.2903
vn -0.0980 -0.0000 0.9952
vn -0.0286 0.9565 0.2903
vn -0.0193 -0.9805 0.1956
vn -0.0975 -0.0979 0.9904
vn -0.0376 0.9233 0.3821
vn -0.0098 -0.9950 0.0991
vn -0.0961 -0.1948 0.9761
vn -0.0463 0.8813 0.4703
vn -0.1721 -0.4708 0.8653
vn -0.1623 -0.5549 0.8160
vn -0.1381 0.7063 0.6943
vn -0.1509 0.6336 0.7588
vn -0.1509 -0.6336 0.7588
vn -0.1623 0.5549 0.8160
vn -0.1381 -0.7063 0.6943
vn -0.1721 0.4708 0.8653
vn -0.1239 -0.7723 0.6231
vn -0.1803 0.3821 0.9063
vn -0.1086 -0.8308 0.5459
vn -0.1867 0.2899 0.9387
vn -0.0922 -0.8813 0.4635
vn -0.1914 0.1948 0.9620
vn -0.0194 0.9950 0.0976
vn -0.0749 -0.9233 0.3766
vn -0.1942 0.0979 0.9761
vn -0.0383 0.9805 0.1928
vn -0.0569 -0.9565 0.2861
vn -0.1951 -0.0000 0.9808
vn -0.0569 0.9565 0.2861
vn -0.0383 -0.9805 0.1928
vn -0.1942 -0.0979 0.9761
vn -0.0749 0.9233 0.3766
vn -0.0194 -0.9950 0.0976
vn -0.1914 -0.1948 0.9620
vn -0.0922 0.8813 0.4635
vn -0.1867 -0.2899 0.9387
vn -0.1086 0.8308 0.5459
vn -0.1803 -0.3821 0.9063
vn -0.1239 0.7723 0.6231
vn -0.2246 -0.6336 0.7403
vn -0.2055 -0.7063 0.6774
vn -0.2415 0.5549 0.7961
vn -0.2561 0.4708 0.8443
vn -0.1844 -0.7723 0.6080
vn -0.2683 0.3821 0.8843
vn -0.1616 -0.8308 0.5327
vn -0.2778 0.2899 0.9159
vn -0.1372 -0.8813 0.4522
vn -0.2847 0.1948 0.9386
vn -0.0289 0.9950 0.0952
vn -0.1115 -0.9233 0.3675
vn -0.2889 0.0979 0.9523
vn -0.0571 0.9805 0.1881
vn -0.0847 -0.9565 0.2791
vn -0.2903 -0.0000 0.9569
vn -0.0847 0.9565 0.2791
vn -0.0571 -0.9805 0.1881
vn -0.2889 -0.0979 0.9523
vn -0.1115 0.9233 0.3675
vn -0.0289 -0.9950 0.0952
vn -0.2847 -0.1948 0.9386
vn -0.1372 0.8813 0.4522
vn -0.2778 -0.2899 0.9159
vn -0.1616 0.8308 0.5327
vn -0.2683 -0.3821 0.8843
vn -0.1844 0.7723 0.6080
vn -0.2561 -0.4708 0.8443
vn -0.2055 0.7063 0.6774
vn -0.2415 -0.5549 0.7961
vn -0.2246 0.6336 0.7403
vn -0.2431 -0.7723 0.5869
vn -0.2130 -0.8308 0.5143
vn -0.3536 0.3821 0.8538
vn -0.3663 0.2899 0.8842
vn -0.1809 -0.8813 0.4366
vn -0.3754 0.1948 0.9062
vn -0.0381 0.9950 0.0920
vn -0.1469 -0.9233 0.3548
vn -0.3808 0.0979 0.9194
vn -0.0752 0.9805 0.1816
vn -0.1116 -0.9565 0.2695
vn -0.3827 -0.0000 0.9239
vn -0.1116 0.9565 0.2695
vn -0.0752 -0.9805 0.1816
vn -0.3808 -0.0979 0.9194
vn -0.1469 0.9233 0.3548
vn -0.0381 -0.9950 0.0920
vn -0.3754 -0.1948 0.9062
vn -0.1809 0.8813 0.4366
vn -0.3663 -0.2899 0.8842
vn -0.2130 0.8308 0.5143
vn -0.3536 -0.3821 0.8538
vn -0.2431 0.7723 0.5869
vn -0.3376 -0.4708 0.8151
vn -0.2709 0.7063 0.6540
vn -0.3184 -0.5549 0.7686
vn -0.2961 0.6336 0.7147
vn -0.2961 -0.6336 0.7147
vn -0.3184 0.5549 0.7686
vn -0.2709 -0.7063 0.6540
vn -0.3376 0.4708 0.8151
vn -0.0469 0.9950 0.0878
vn -0.2228 -0.8813 0.4168
vn -0.1810 -0.9233 0.3386
vn -0.4624 0.1948 0.8650
vn -0.4691 0.0979 0.8777
vn -0.0927 0.9805 0.1734
vn -0.1375 -0.9565 0.2572
vn -0.4714 -0.0000 0.8819
vn -0.1375 0.9565 0.2572
vn -0.0927 -0.9805 0.1734
vn -0.4691 -0.0979 0.8777
vn -0.1810 0.9233 0.3386
vn -0.0469 -0.9950 0.0878
vn -0.4624 -0.1948 0.8650
vn -0.2228 0.8813 0.4168
vn -0.4512 -0.2899 0.8441
vn -0.2624 0.8308 0.4909
vn -0.4356 -0.3821 0.8150
vn -0.2995 0.7723 0.5603
vn -0.4159 -0.4708 0.7781
vn -0.3337 0.7063 0.6243
vn -0.3922 -0.5549 0.7337
vn -0.3647 0.6336 0.6823
vn -0.3647 -0.6336 0.6823
vn -0.3922 0.5549 0.7337
vn -0.3337 -0.7063 0.6243
vn -0.4159 0.4708 0.7781
vn -0.2995 -0.7723 0.5603
vn -0.4356 0.3821 0.8150
vn -0.2624 -0.8308 0.4909
vn -0.4512 0.2899 0.8441
vn -0.1092 0.9805 0.1634
vn -0.1621 0.9565 0.2425
vn -0.1621 -0.9565 0.2425
vn -0.1092 -0.9805 0.1634
vn -0.5556 -0.0000 0.8315
vn -0.5529 -0.0979 0.8275
vn -0.2133 0.9233 0.3193
vn -0.0553 -0.9950 0.0828
vn -0.5449 -0.1948 0.8155
vn -0.2626 0.8813 0.3929
vn -0.5317 -0.2899 0.7958
vn -0.3092 0.8308 0.4628
vn -0.5134 -0.3821 0.7684
vn -0.3530 0.7723 0.5282
vn -0.4902 -0.4708 0.7336
vn -0.3933 0.7063 0.5886
vn -0.4622 -0.5549 0.6917
vn -0.4298 0.6336 0.6432
vn -0.4298 -0.6336 0.6432
vn -0.4622 0.5549 0.6917
vn -0.3933 -0.7063 0.5886
vn -0.4902 0.4708 0.7336
vn -0.3530 -0.7723 0.5282
vn -0.5134 0.3821 0.7684
vn -0.3092 -0.8308 0.4628
vn -0.5317 0.2899 0.7958
vn -0.2626 -0.8813 0.3929
vn -0.5449 0.1948 0.8155
vn -0.0553 0.9950 0.0828
vn -0.2133 -0.9233 0.3193
vn -0.5529 0.0979 0.8275
vn -0.2436 0.9233 0.2968
vn -0.2998 0.8813 0.3653
vn -0.0631 -0.9950 0.0769
vn -0.6222 -0.1948 0.7582
vn -0.6072 -0.2899 0.7398
vn -0.3531 0.8308 0.4303
vn -0.5862 -0.3821 0.7143
vn -0.4030 0.7723 0.4911
vn -0.5597 -0.4708 0.6820
vn -0.4491 0.7063 0.5472
vn -0.5278 -0.5549 0.6431
vn -0.4908 0.6336 0.5980
vn -0.4908 -0.6336 0.5980
vn -0.5278 0.5549 0.6431
vn -0.4491 -0.7063 0.5472
vn -0.5597 0.4708 0.6820
vn -0.4030 -0.7723 0.4911
vn -0.5862 0.3821 0.7143
vn -0.3531 -0.8308 0.4303
vn -0.6072 0.2899 0.7398
vn -0.2998 -0.8813 0.3653
vn -0.6222 0.1948 0.7582
vn -0.0631 0.9950 0.0769
vn -0.2436 -0.9233 0.2968
vn -0.6313 0.0979 0.7693
vn -0.1247 0.9805 0.1519
vn -0.1850 -0.9565 0.2255
vn -0.6344 -0.0000 0.7730
vn -0.1850 0.9565 0.2255
vn -0.1247 -0.9805 0.1519
vn -0.6313 -0.0979 0.7693
vn -0.3936 0.8308 0.3936
vn -0.4492 0.7723 0.4492
vn -0.6534 -0.3821 0.6534
vn -0.6239 -0.4708 0.6239
vn -0.5005 0.7063 0.5005
vn -0.5883 -0.5549 0.5883
vn -0.5470 0.6336 0.5470
vn -0.5470 -0.6336 0.5470
vn -0.5883 0.5549 0.5883
vn -0.5005 -0.7063 0.5005
vn -0.6239 0.4708 0.6239
vn -0.4492 -0.7723 0.4492
vn -0.6534 0.3821 0.6534
vn -0.3936 -0.8308 0.3936
vn -0.6767 0.2899 0.6767
vn -0.3342 -0.8813 0.3342
vn -0.6936 0.1948 0.6936
vn -0.0704 0.9950 0.0704
vn -0.2715 -0.9233 0.2715
vn -0.7037 0.0979 0.7037
vn -0.1390 0.9805 0.1390
vn -0.2063 -0.9565 0.2063
vn -0.7071 -0.0000 0.7071
vn -0.2063 0.9565 0.2063
vn -0.1390 -0.9805 0.1390
vn -0.7037 -0.0979 0.7037
vn -0.2715 0.9233 0.2715
vn -0.0704 -0.9950 0.0704
vn -0.6936 -0.1948 0.6936
vn -0.3342 0.8813 0.3342
vn -0.6767 -0.2899 0.6767
vn -0.5472 0.7063 0.4491
vn -0.5980 0.6336 0.4908
vn -0.6431 -0.5549 0.5278
vn -0.5980 -0.6336 0.4908
vn -0.6431 0.5549 0.5278
vn -0.5472 -0.7063 0.4491
vn -0.6820 0.4708 0.5597
vn -0.4911 -0.7723 0.4030
vn -0.7143 0.3821 0.5862
vn -0.4303 -0.8308 0.3531
vn -0.7398 0.2899 0.6072
vn -0.3653 -0.8813 0.2998
vn -0.7582 0.1948 0.6222
vn -0.0769 0.9950 0.0631
vn -0.2968 -0.9233 0.2436
vn -0.7693 0.0979 0.6313
vn -0.1519 0.9805 0.1247
vn -0.2255 -0.9565 0.1850
vn -0.7730 -0.0000 0.6344
vn -0.2255 0.9565 0.1850
vn -0.1519 -0.9805 0.1247
vn -0.7693 -0.0979 0.6313
vn -0.2968 0.9233 0.2436
vn -0.0769 -0.9950 0.0631
vn -0.7582 -0.1948 0.6222
vn -0.3653 0.8813 0.2998
vn -0.7398 -0.2899 0.6072
vn -0.4303 0.8308 0.3531
vn -0.7143 -0.3821 0.5862
vn -0.4911 0.7723 0.4030
vn -0.6820 -0.4708 0.5597
vn -0.6917 0.5549 0.4622
vn -0.7336 0.4708 0.4902
vn -0.5886 -0.7063 0.3933
vn -0.5282 -0.7723 0.3530
vn -0.7684 0.3821 0.5134
vn -0.4628 -0.8308 0.3092
vn -0.7958 0.2899 0.5317
vn -0.3929 -0.8813 0.2626
vn -0.8155 0.1948 0.5449
vn -0.0828 0.9950 0.0553
vn -0.3193 -0.9233 0.2133
vn -0.8275 0.0979 0.5529
vn -0.1634 0.9805 0.1092
vn -0.2425 -0.9565 0.1621
vn -0.8315 -0.0000 0.5556
vn -0.2425 0.9565 0.1621
vn -0.1634 -0.9805 0.1092
vn -0.8275 -0.0979 0.5529
vn -0.3193 0.9233 0.2133
vn -0.0828 -0.9950 0.0553
vn -0.8155 -0.1948 0.5449
vn -0.3929 0.8813 0.2626
vn -0.7958 -0.2899 0.5317
vn -0.4628 0.8308 0.3092
vn -0.7684 -0.3821 0.5134
vn -0.5282 0.7723 0.3530
vn -0.7336 -0.4708 0.4902
vn -0.5886 0.7063 0.3933
vn -0.6917 -0.5549 0.4622
vn -0.6432 0.6336 0.4298
vn -0.6432 -0.6336 0.4298
vn -0.8150 0.3821 0.4356
vn -0.8441 0.2899 0.4512
vn -0.4909 -0.8308 0.2624
vn -0.4168 -0.8813 0.2228
vn -0.8650 0.1948 0.4624
vn -0.0878 0.9950 0.0469
vn -0.3386 -0.9233 0.1810
vn -0.8777 0.0979 0.4691
vn -0.1734 0.9805 0.0927
vn -0.2572 -0.9565 0.1375
vn -0.8819 -0.0000 0.4714
vn -0.2572 0.9565 0.1375
vn -0.1734 -0.9805 0.0927
vn -0.8777 -0.0979 0.4691
vn -0.3386 0.9233 0.1810
vn -0.0878 -0.9950 0.0469
vn -0.8650 -0.1948 0.4624
vn -0.4168 0.8813 0.2228
vn -0.8441 -0.2899 0.4512
vn -0.4909 0.8308 0.2624
vn -0.8150 -0.3821 0.4356
vn -0.5603 0.7723 0.2995
vn -0.7781 -0.4708 0.4159
vn -0.6243 0.7063 0.3337
vn -0.7337 -0.5549 0.3922
vn -0.6823 0.6336 0.3647
vn -0.6823 -0.6336 0.3647
vn -0.7337 0.5549 0.3922
vn -0.6243 -0.7063 0.3337
vn -0.7781 0.4708 0.4159
vn -0.5603 -0.7723 0.2995
vn -0.9062 0.1948 0.3754
vn -0.9194 0.0979 0.3808
vn -0.0920 0.9950 0.0381
vn -0.1816 0.9805 0.0752
vn -0.3548 -0.9233 0.1469
vn -0.2695 -0.9565 0.1116
vn -0.9239 -0.0000 0.3827
vn -0.2695 0.9565 0.1116
vn -0.1816 -0.9805 0.0752
vn -0.9194 -0.0979 0.3808
vn -0.3548 0.9233 0.1469
vn -0.0920 -0.9950 0.0381
vn -0.9062 -0.1948 0.3754
vn -0.4366 0.8813 0.1809
vn -0.8842 -0.2899 0.3663
vn -0.5143 0.8308 0.2130
vn -0.8538 -0.3821 0.3536
vn -0.5869 0.7723 0.2431
vn -0.8151 -0.4708 0.3376
vn -0.6540 0.7063 0.2709
vn -0.7686 -0.5549 0.3184
vn -0.7147 0.6336 0.2961
vn -0.7147 -0.6336 0.2961
vn -0.7686 0.5549 0.3184
vn -0.6540 -0.7063 0.2709
vn -0.8151 0.4708 0.3376
vn -0.5869 -0.7723 0.2431
vn -0.8538 0.3821 0.3536
vn -0.5143 -0.8308 0.2130
vn -0.8842 0.2899 0.3663
vn -0.4366 -0.8813 0.1809
vn -0.9569 -0.0000 0.2903
vn -0.9523 -0.0979 0.2889
vn -0.2791 0.9565 0.0847
vn -0.3675 0.9233 0.1115
vn -0.1881 -0.9805 0.0571
vn -0.0953 -0.9950 0.0289
vn -0.9386 -0.1948 0.2847
vn -0.4522 0.8813 0.1372
vn -0.9159 -0.2899 0.2778
vn -0.5327 0.8308 0.1616
vn -0.8843 -0.3821 0.2683
vn -0.6080 0.7723 0.1844
vn -0.8443 -0.4708 0.2561
vn -0.6774 0.7063 0.2055
vn -0.7961 -0.5549 0.2415
vn -0.7403 0.6336 0.2246
vn -0.7403 -0.6336 0.2246
vn -0.7961 0.5549 0.2415
vn -0.6774 -0.7063 0.2055
vn -0.8443 0.4708 0.2561
vn -0.6080 -0.7723 0.1844
vn -0.8843 0.3821 0.2683
vn -0.5327 -0.8308 0.1616
vn -0.9159 0.2899 0.2778
vn -0.4522 -0.8813 0.1372
vn -0.9386 0.1948 0.2847
vn -0.0953 0.9950 0.0289
vn -0.3675 -0.9233 0.1115
vn -0.9523 0.0979 0.2889
vn -0.1881 0.9805 0.0571
vn -0.2791 -0.9565 0.0847
vn -0.9620 -0.1948 0.1914
vn -0.9387 -0.2899 0.1867
vn -0.4635 0.8813 0.0922
vn -0.5459 0.8308 0.1086
vn -0.9063 -0.3821 0.1803
vn -0.6231 0.7723 0.1239
vn -0.8653 -0.4708 0.1721
vn -0.6943 0.7063 0.1381
vn -0.8160 -0.5549 0.1623
vn -0.7588 0.6336 0.1509
vn -0.7588 -0.6336 0.1509
vn -0.8160 0.5549 0.1623
vn -0.6943 -0.7063 0.1381
vn -0.8653 0.4708 0.1721
vn -0.6231 -0.7723 0.1239
vn -0.9063 0.3821 0.1803
vn -0.5459 -0.8308 0.1086
vn -0.9387 0.2899 0.1867
vn -0.4635 -0.8813 0.0922
vn -0.9620 0.1948 0.1914
vn -0.0976 0.9950 0.0194
vn -0.3766 -0.9233 0.0749
vn -0.9761 0.0979 0.1942
vn -0.1928 0.9805 0.0383
vn -0.2861 -0.9565 0.0569
vn -0.9808 -0.0000 0.1951
vn -0.2861 0.9565 0.0569
vn -0.1928 -0.9805 0.0383
vn -0.9761 -0.0979 0.1942
vn -0.3766 0.9233 0.0749
vn -0.0976 -0.9950 0.0194
vn -0.9197 -0.3821 0.0906
vn -0.8780 -0.4708 0.0865
vn -0.6322 0.7723 0.0623
vn -0.7045 0.7063 0.0694
vn -0.8279 -0.5549 0.0815
vn -0.7699 0.6336 0.0758
vn -0.7699 -0.6336 0.0758
vn -0.8279 0.5549 0.0815
vn -0.7045 -0.7063 0.0694
vn -0.8780 0.4708 0.0865
vn -0.6322 -0.7723 0.0623
vn -0.9197 0.3821 0.0906
vn -0.5539 -0.8308 0.0546
vn -0.9525 0.2899 0.0938
vn -0.4703 -0.8813 0.0463
vn -0.9761 0.1948 0.0961
vn -0.0991 0.9950 0.0098
vn -0.3821 -0.9233 0.0376
vn -0.9904 0.0979 0.0975
vn -0.1956 0.9805 0.0193
vn -0.2903 -0.9565 0.0286
vn -0.9952 -0.0000 0.0980
vn -0.2903 0.9565 0.0286
vn -0.1956 -0.9805 0.0193
vn -0.9904 -0.0979 0.0975
vn -0.3821 0.9233 0.0376
vn -0.0991 -0.9950 0.0098
vn -0.9761 -0.1948 0.0961
vn -0.4703 0.8813 0.0463
vn -0.9525 -0.2899 0.0938
vn -0.5539 0.8308 0.0546
vn -0.8319 -0.5549 -0.0000
vn -0.7736 -0.6336 -0.0000
vn -0.7736 0.6336 -0.0000
vn -0.8319 0.5549 -0.0000
vn -0.7079 -0.7063 -0.0000
vn -0.8823 0.4708 -0.0000
vn -0.6353 -0.7723 -0.0000
vn -0.9241 0.3821 -0.0000
vn -0.5566 -0.8308 -0.0000
vn -0.9571 0.2899 -0.0000
vn -0.4726 -0.8813 -0.0000
vn -0.9808 0.1948 -0.0000
vn -0.0995 0.9950 -0.0000
vn -0.3840 -0.9233 -0.0000
vn -0.9952 0.0979 -0.0000
vn -0.1966 0.9805 -0.0000
vn -0.2917 -0.9565 -0.0000
vn -1.0000 -0.0000 -0.0000
vn -0.2917 0.9565 -0.0000
vn -0.1966 -0.9805 -0.0000
vn -0.9952 -0.0979 -0.0000
vn -0.3840 0.9233 -0.0000
vn -0.0995 -0.9950 -0.0000
vn -0.9808 -0.1948 -0.0000
vn -0.4726 0.8813 -0.0000
vn -0.9571 -0.2899 -0.0000
vn -0.5566 0.8308 -0.0000
vn -0.9241 -0.3821 -0.0000
vn -0.6353 0.7723 -0.0000
vn -0.8823 -0.4708 -0.0000
vn -0.7079 0.7063 -0.0000
vn -0.7045 -0.7063 -0.0694
vn -0.6322 -0.7723 -0.0623
vn -0.8780 0.4708 -0.0865
vn -0.9197 0.3821 -0.0906
vn -0.5539 -0.8308 -0.0546
vn -0.9525 0.2899 -0.0938
vn -0.4703 -0.8813 -0.0463
vn -0.9761 0.1948 -0.0961
vn -0.0991 0.9950 -0.0098
vn -0.3821 -0.9233 -0.0376
vn -0.9904 0.0979 -0.0975
vn -0.1956 0.9805 -0.0193
vn -0.2903 -0.9565 -0.0286
vn -0.9952 -0.0000 -0.0980
vn -0.2903 0.9565 -0.0286
vn -0.1956 -0.9805 -0.0193
vn -0.9904 -0.0979 -0.0975
vn -0.3821 0.9233 -0.0376
vn -0.0991 -0.9950 -0.0098
vn -0.9761 -0.1948 -0.0961
vn -0.4703 0.8813 -0.0463
vn -0.9525 -0.2899 -0.0938
vn -0.5539 0.8308 -0.0546
vn -0.9197 -0.3821 -0.0906
vn -0.6322 0.7723 -0.0623
vn -0.8780 -0.4708 -0.0865
vn -0.7045 0.7063 -0.0694
vn -0.8279 -0.5549 -0.0815
vn -0.7699 0.6336 -0.0758
vn -0.7699 -0.6336 -0.0758
vn -0.8279 0.5549 -0.0815
vn -0.5459 -0.8308 -0.1086
vn -0.4635 -0.8813 -0.0922
vn -0.9387 0.2899 -0.1867
vn -0.9620 0.1948 -0.1914
vn -0.0976 0.9950 -0.0194
vn -0.3766 -0.9233 -0.0749
vn -0.9761 0.0979 -0.1942
vn -0.1928 0.9805 -0.0383
vn -0.2861 -0.9565 -0.0569
vn -0.9808 -0.0000 -0.1951
vn -0.2861 0.9565 -0.0569
vn -0.1928 -0.9805 -0.0383
vn -0.9761 -0.0979 -0.1942
vn -0.3766 0.9233 -0.0749
vn -0.0976 -0.9950 -0.0194
vn -0.9620 -0.1948 -0.1914
vn -0.4635 0.8813 -0.0922
vn -0.9387 -0.2899 -0.1867
vn -0.5459 0.8308 -0.1086
vn -0.9063 -0.3821 -0.1803
vn -0.6231 0.7723 -0.1239
vn -0.8653 -0.4708 -0.1721
vn -0.6943 0.7063 -0.1381
vn -0.8160 -0.5549 -0.1623
vn -0.7588 0.6336 -0.1509
vn -0.7588 -0.6336 -0.1509
vn -0.8160 0.5549 -0.1623
vn -0.6943 -0.7063 -0.1381
vn -0.8653 0.4708 -0.1721
vn -0.6231 -0.7723 -0.1239
vn -0.9063 0.3821 -0.1803
vn -0.3675 -0.9233 -0.1115
vn -0.2791 -0.9565 -0.0847
vn -0.9523 0.0979 -0.2889
vn -0.9569 -0.0000 -0.2903
vn -0.1881 0.9805 -0.0571
vn -0.2791 0.9565 -0.0847
vn -0.1881 -0.9805 -0.0571
vn -0.9523 -0.0979 -0.2889
vn -0.3675 0.9233 -0.1115
vn -0.0953 -0.9950 -0.0289
vn -0.9386 -0.1948 -0.2847
vn -0.4522 0.8813 -0.1372
vn -0.9159 -0.2899 -0.2778
vn -0.5327 0.8308 -0.1616
vn -0.8843 -0.3821 -0.2683
vn -0.6080 0.7723 -0.1844
vn -0.8443 -0.4708 -0.2561
vn -0.6774 0.7063 -0.2055
vn -0.7961 -0.5549 -0.2415
vn -0.7403 0.6336 -0.2246
vn -0.7403 -0.6336 -0.2246
vn -0.7961 0.5549 -0.2415
vn -0.6774 -0.7063 -0.2055
vn -0.8443 0.4708 -0.2561
vn -0.6080 -0.7723 -0.1844
vn -0.8843 0.3821 -0.2683
vn -0.5327 -0.8308 -0.1616
vn -0.9159 0.2899 -0.2778
vn -0.4522 -0.8813 -0.1372
vn -0.9386 0.1948 -0.2847
vn -0.0953 0.9950 -0.0289
vn -0.8151 -0.4708 -0.3376
vn -0.7686 -0.5549 -0.3184
vn -0.6540 0.7063 -0.2709
vn -0.7147 0.6336 -0.2961
vn -0.7147 -0.6336 -0.2961
vn -0.7686 0.5549 -0.3184
vn -0.6540 -0.7063 -0.2709
vn -0.8151 0.4708 -0.3376
vn -0.5869 -0.7723 -0.2431
vn -0.8538 0.3821 -0.3536
vn -0.5143 -0.8308 -0.2130
vn -0.8842 0.2899 -0.3663
vn -0.4366 -0.8813 -0.1809
vn -0.9062 0.1948 -0.3754
vn -0.0920 0.9950 -0.0381
vn -0.3548 -0.9233 -0.1469
vn -0.9194 0.0979 -0.3808
vn -0.1816 0.9805 -0.0752
vn -0.2695 -0.9565 -0.1116
vn -0.9239 -0.0000 -0.3827
vn -0.2695 0.9565 -0.1116
vn -0.1816 -0.9805 -0.0752
vn -0.9194 -0.0979 -0.3808
vn -0.3548 0.9233 -0.1469
vn -0.0920 -0.9950 -0.0381
vn -0.9062 -0.1948 -0.3754
vn -0.4366 0.8813 -0.1809
vn -0.8842 -0.2899 -0.3663
vn -0.5143 0.8308 -0.2130
vn -0.8538 -0.3821 -0.3536
vn -0.5869 0.7723 -0.2431
vn -0.6823 -0.6336 -0.3647
vn -0.6243 -0.7063 -0.3337
vn -0.7337 0.5549 -0.3922
vn -0.7781 0.4708 -0.4159
vn -0.5603 -0.7723 -0.2995
vn -0.8150 0.3821 -0.4356
vn -0.4909 -0.8308 -0.2624
vn -0.8441 0.2899 -0.4512
vn -0.4168 -0.8813 -0.2228
vn -0.8650 0.1948 -0.4624
vn -0.0878 0.9950 -0.0469
vn -0.3386 -0.9233 -0.1810
vn -0.8777 0.0979 -0.4691
vn -0.1734 0.9805 -0.0927
vn -0.2572 -0.9565 -0.1375
vn -0.8819 -0.0000 -0.4714
vn -0.2572 0.9565 -0.1375
vn -0.1734 -0.9805 -0.0927
vn -0.8777 -0.0979 -0.4691
vn -0.3386 0.9233 -0.1810
vn -0.0878 -0.9950 -0.0469
vn -0.8650 -0.1948 -0.4624
vn -0.4168 0.8813 -0.2228
vn -0.8441 -0.2899 -0.4512
vn -0.4909 0.8308 -0.2624
vn -0.8150 -0.3821 -0.4356
vn -0.5603 0.7723 -0.2995
vn -0.7781 -0.4708 -0.4159
vn -0.6243 0.7063 -0.3337
vn -0.7337 -0.5549 -0.3922
vn -0.6823 0.6336 -0.3647
vn -0.5282 -0.7723 -0.3530
vn -0.4628 -0.8308 -0.3092
vn -0.7684 0.3821 -0.5134
vn -0.7958 0.2899 -0.5317
vn -0.3929 -0.8813 -0.2626
vn -0.8155 0.1948 -0.5449
vn -0.0828 0.9950 -0.0553
vn -0.3193 -0.9233 -0.2133
vn -0.8275 0.0979 -0.5529
vn -0.1634 0.9805 -0.1092
vn -0.2425 -0.9565 -0.1621
vn -0.8315 -0.0000 -0.5556
vn -0.2425 0.9565 -0.1621
vn -0.1634 -0.9805 -0.1092
vn -0.8275 -0.0979 -0.5529
vn -0.3193 0.9233 -0.2133
vn -0.0828 -0.9950 -0.0553
vn -0.8155 -0.1948 -0.5449
vn -0.3929 0.8813 -0.2626
vn -0.7958 -0.2899 -0.5317
vn -0.4628 0.8308 -0.3092
vn -0.7684 -0.3821 -0.5134
vn -0.5282 0.7723 -0.3530
vn -0.7336 -0.4708 -0.4902
vn -0.5886 0.7063 -0.3933
vn -0.6917 -0.5549 -0.4622
vn -0.6432 0.6336 -0.4298
vn -0.6432 -0.6336 -0.4298
vn -0.6917 0.5549 -0.4622
vn -0.5886 -0.7063 -0.3933
vn -0.7336 0.4708 -0.4902
vn -0.0769 0.9950 -0.0631
vn -0.3653 -0.8813 -0.2998
vn -0.2968 -0.9233 -0.2436
vn -0.7582 0.1948 -0.6222
vn -0.7693 0.0979 -0.6313
vn -0.1519 0.9805 -0.1247
vn -0.2255 -0.9565 -0.1850
vn -0.7730 -0.0000 -0.6344
vn -0.2255 0.9565 -0.1850
vn -0.1519 -0.9805 -0.1247
vn -0.7693 -0.0979 -0.6313
vn -0.2968 0.9233 -0.2436
vn -0.0769 -0.9950 -0.0631
vn -0.7582 -0.1948 -0.6222
vn -0.3653 0.8813 -0.2998
vn -0.7398 -0.2899 -0.6072
vn -0.4303 0.8308 -0.3531
vn -0.7143 -0.3821 -0.5862
vn -0.4911 0.7723 -0.4030
vn -0.6820 -0.4708 -0.5597
vn -0.5472 0.7063 -0.4491
vn -0.6431 -0.5549 -0.5278
vn -0.5980 0.6336 -0.4908
vn -0.5980 -0.6336 -0.4908
vn -0.6431 0.5549 -0.5278
vn -0.5472 -0.7063 -0.4491
vn -0.6820 0.4708 -0.5597
vn -0.4911 -0.7723 -0.4030
vn -0.7143 0.3821 -0.5862
vn -0.4303 -0.8308 -0.3531
vn -0.7398 0.2899 -0.6072
vn -0.1390 0.9805 -0.1390
vn -0.2063 0.9565 -0.2063
vn -0.2063 -0.9565 -0.2063
vn -0.1390 -0.9805 -0.1390
vn -0.7071 -0.0000 -0.7071
vn -0.7037 -0.0979 -0.7037
vn -0.2715 0.9233 -0.2715
vn -0.0704 -0.9950 -0.0704
vn -0.6936 -0.1948 -0.6936
vn -0.3342 0.8813 -0.3342
vn -0.6767 -0.2899 -0.6767
vn -0.3936 0.8308 -0.3936
vn -0.6534 -0.3821 -0.6534
vn -0.4492 0.7723 -0.4492
vn -0.6239 -0.4708 -0.6239
vn -0.5005 0.7063 -0.5005
vn -0.5883 -0.5549 -0.5883
vn -0.5470 0.6336 -0.5470
vn -0.5470 -0.6336 -0.5470
vn -0.5883 0.5549 -0.5883
vn -0.5005 -0.7063 -0.5005
vn -0.6239 0.4708 -0.6239
vn -0.4492 -0.7723 -0.4492
vn -0.6534 0.3821 -0.6534
vn -0.3936 -0.8308 -0.3936
vn -0.6767 0.2899 -0.6767
vn -0.3342 -0.8813 -0.3342
vn -0.6936 0.1948 -0.6936
vn -0.0704 0.9950 -0.0704
vn -0.2715 -0.9233 -0.2715
vn -0.7037 0.0979 -0.7037
vn -0.2436 0.9233 -0.2968
vn -0.2998 0.8813 -0.3653
vn -0.0631 -0.9950 -0.0769
vn -0.6222 -0.1948 -0.7582
vn -0.6072 -0.2899 -0.7398
vn -0.3531 0.8308 -0.4303
vn -0.5862 -0.3821 -0.7143
vn -0.4030 0.7723 -0.4911
vn -0.5597 -0.4708 -0.6820
vn -0.4491 0.7063 -0.5472
vn -0.5278 -0.5549 -0.6431
vn -0.4908 0.6336 -0.5980
vn -0.4908 -0.6336 -0.5980
vn -0.5278 0.5549 -0.6431
vn -0.4491 -0.7063 -0.5472
vn -0.5597 0.4708 -0.6820
vn -0.4030 -0.7723 -0.4911
vn -0.5862 0.3821 -0.7143
vn -0.3531 -0.8308 -0.4303
vn -0.6072 0.2899 -0.7398
vn -0.2998 -0.8813 -0.3653
vn -0.6222 0.1948 -0.7582
vn -0.0631 0.9950 -0.0769
vn -0.2436 -0.9233 -0.2968
vn -0.6313 0.0979 -0.7693
vn -0.1247 0.9805 -0.1519
vn -0.1850 -0.9565 -0.2255
vn -0.6344 -0.0000 -0.7730
vn -0.1850 0.9565 -0.2255
vn -0.1247 -0.9805 -0.1519
vn -0.6313 -0.0979 -0.7693
vn -0.3092 0.8308 -0.4628
vn -0.3530 0.7723 -0.5282
vn -0.5134 -0.3821 -0.7684
vn -0.4902 -0.4708 -0.7336
vn -0.3933 0.7063 -0.5886
vn -0.4622 -0.5549 -0.6917
vn -0.4298 0.6336 -0.6432
vn -0.4298 -0.6336 -0.6432
vn -0.4622 0.5549 -0.6917
vn -0.3933 -0.7063 -0.5886
vn -0.4902 0.4708 -0.7336
vn -0.3530 -0.7723 -0.5282
vn -0.5134 0.3821 -0.7684
vn -0.3092 -0.8308 -0.4628
vn -0.5317 0.2899 -0.7958
vn -0.2626 -0.8813 -0.3929
vn -0.5449 0.1948 -0.8155
vn -0.0553 0.9950 -0.0828
vn -0.2133 -0.9233 -0.3193
vn -0.5529 0.0979 -0.8275
vn -0.1092 0.9805 -0.1634
vn -0.1621 -0.9565 -0.2425
vn -0.5556 -0.0000 -0.8315
vn -0.1621 0.9565 -0.2425
vn -0.1092 -0.9805 -0.1634
vn -0.5529 -0.0979 -0.8275
vn -0.2133 0.9233 -0.3193
vn -0.0553 -0.9950 -0.0828
vn -0.5449 -0.1948 -0.8155
vn -0.2626 0.8813 -0.3929
vn -0.5317 -0.2899 -0.7958
vn -0.3337 0.7063 -0.6243
vn -0.3647 0.6336 -0.6823
vn -0.3922 -0.5549 -0.7337
vn -0.3647 -0.6336 -0.6823
vn -0.3922 0.5549 -0.7337
vn -0.3337 -0.7063 -0.6243
vn -0.4159 0.4708 -0.7781
vn -0.2995 -0.7723 -0.5603
vn -0.4356 0.3821 -0.8150
vn -0.2624 -0.8308 -0.4909
vn -0.4512 0.2899 -0.8441
vn -0.2228 -0.8813 -0.4168
vn -0.4624 0.1948 -0.8650
vn -0.0469 0.9950 -0.0878
vn -0.1810 -0.9233 -0.3386
vn -0.4691 0.0979 -0.8777
vn -0.0927 0.9805 -0.1734
vn -0.1375 -0.9565 -0.2572
vn -0.4714 -0.0000 -0.8819
vn -0.1375 0.9565 -0.2572
vn -0.0927 -0.9805 -0.1734
vn -0.4691 -0.0979 -0.8777
vn -0.1810 0.9233 -0.3386
vn -0.0469 -0.9950 -0.0878
vn -0.4624 -0.1948 -0.8650
vn -0.2228 0.8813 -0.4168
vn -0.4512 -0.2899 -0.8441
vn -0.2624 0.8308 -0.4909
vn -0.4356 -0.3821 -0.8150
vn -0.2995 0.7723 -0.5603
vn -0.4159 -0.4708 -0.7781
vn -0.3184 0.5549 -0.7686
vn -0.3376 0.4708 -0.8151
vn -0.2709 -0.7063 -0.6540
vn -0.2431 -0.7723 -0.5869
vn -0.3536 0.3821 -0.8538
vn -0.2130 -0.8308 -0.5143
vn -0.3663 0.2899 -0.8842
vn -0.1809 -0.8813 -0.4366
vn -0.3754 0.1948 -0.9062
vn -0.0381 0.9950 -0.0920
vn -0.1469 -0.9233 -0.3548
vn -0.3808 0.0979 -0.9194
vn -0.0752 0.9805 -0.1816
vn -0.1116 -0.9565 -0.2695
vn -0.3827 -0.0000 -0.9239
vn -0.1116 0.9565 -0.2695
vn -0.0752 -0.9805 -0.1816
vn -0.3808 -0.0979 -0.9194
vn -0.1469 0.9233 -0.3548
vn -0.0381 -0.9950 -0.0920
vn -0.3754 -0.1948 -0.9062
vn -0.1809 0.8813 -0.4366
vn -0.3663 -0.2899 -0.8842
vn -0.2130 0.8308 -0.5143
vn -0.3536 -0.3821 -0.8538
vn -0.2431 0.7723 -0.5869
vn -0.3376 -0.4708 -0.8151
vn -0.2709 0.7063 -0.6540
vn -0.3184 -0.5549 -0.7686
vn -0.2961 0.6336 -0.7147
vn -0.2961 -0.6336 -0.7147
vn -0.2683 0.3821 -0.8843
vn -0.2778 0.2899 -0.9159
vn -0.1616 -0.8308 -0.5327
vn -0.1372 -0.8813 -0.4522
vn -0.2847 0.1948 -0.9386
vn -0.0289 0.9950 -0.0952
vn -0.1115 -0.9233 -0.3675
vn -0.2889 0.0979 -0.9523
vn -0.0571 0.9805 -0.1881
vn -0.0847 -0.9565 -0.2791
vn -0.2903 -0.0000 -0.9569
vn -0.0847 0.9565 -0.2791
vn -0.0571 -0.9805 -0.1881
vn -0.2889 -0.0979 -0.9523
vn -0.1115 0.9233 -0.3675
vn -0.0289 -0.9950 -0.0952
vn -0.2847 -0.1948 -0.9386
vn -0.1372 0.8813 -0.4522
vn -0.2778 -0.2899 -0.9159
vn -0.1616 0.8308 -0.5327
vn -0.2683 -0.3821 -0.8843
vn -0.1844 0.7723 -0.6080
vn -0.2561 -0.4708 -0.8443
vn -0.2055 0.7063 -0.6774
vn -0.2415 -0.5549 -0.7961
vn -0.2246 0.6336 -0.7403
vn -0.2246 -0.6336 -0.7403
vn -0.2415 0.5549 -0.7961
vn -0.2055 -0.7063 -0.6774
vn -0.2561 0.4708 -0.8443
vn -0.1844 -0.7723 -0.6080
vn -0.1914 0.1948 -0.9620
vn -0.1942 0.0979 -0.9761
vn -0.0194 0.9950 -0.0976
vn -0.0383 0.9805 -0.1928
vn -0.0749 -0.9233 -0.3766
vn -0.0569 -0.9565 -0.2861
vn -0.1951 -0.0000 -0.9808
vn -0.0569 0.9565 -0.2861
vn -0.0383 -0.9805 -0.1928
vn -0.1942 -0.0979 -0.9761
vn -0.0749 0.9233 -0.3766
vn -0.0194 -0.9950 -0.0976
vn -0.1914 -0.1948 -0.9620
vn -0.0922 0.8813 -0.4635
vn -0.1867 -0.2899 -0.9387
vn -0.1086 0.8308 -0.5459
vn -0.1803 -0.3821 -0.9063
vn -0.1239 0.7723 -0.6231
vn -0.1721 -0.4708 -0.8653
vn -0.1381 0.7063 -0.6943
vn -0.1623 -0.5549 -0.8160
vn -0.1509 0.6336 -0.7588
vn -0.1509 -0.6336 -0.7588
vn -0.1623 0.5549 -0.8160
vn -0.1381 -0.7063 -0.6943
vn -0.1721 0.4708 -0.8653
vn -0.1239 -0.7723 -0.6231
vn -0.1803 0.3821 -0.9063
vn -0.1086 -0.8308 -0.5459
vn -0.1867 0.2899 -0.9387
vn -0.0922 -0.8813 -0.4635
vn -0.0980 -0.0000 -0.9952
vn -0.0975 -0.0979 -0.9904
vn -0.0286 0.9565 -0.2903
vn -0.0376 0.9233 -0.3821
vn -0.0193 -0.9805 -0.1956
vn -0.0098 -0.9950 -0.0991
vn -0.0961 -0.1948 -0.9761
vn -0.0463 0.8813 -0.4703
vn -0.0938 -0.2899 -0.9525
vn -0.0546 0.8308 -0.5539
vn -0.0906 -0.3821 -0.9197
vn -0.0623 0.7723 -0.6322
vn -0.0865 -0.4708 -0.8780
vn -0.0694 0.7063 -0.7045
vn -0.0815 -0.5549 -0.8279
vn -0.0758 0.6336 -0.7699
vn -0.0758 -0.6336 -0.7699
vn -0.0815 0.5549 -0.8279
vn -0.0694 -0.7063 -0.7045
vn -0.0865 0.4708 -0.8780
vn -0.0623 -0.7723 -0.6322
vn -0.0906 0.3821 -0.9197
vn -0.0546 -0.8308 -0.5539
vn -0.0938 0.2899 -0.9525
vn -0.0463 -0.8813 -0.4703
vn -0.0961 0.1948 -0.9761
vn -0.0098 0.9950 -0.0991
vn -0.0376 -0.9233 -0.3821
vn -0.0975 0.0979 -0.9904
vn -0.0193 0.9805 -0.1956
vn -0.0286 -0.9565 -0.2903
vt 0.750000 0.218750
vt 0.750000 0.250000
vt 0.734375 0.250000
vt 0.734375 0.218750
vt 0.750000 0.625000
vt 0.750000 0.656250
vt 0.734375 0.656250
vt 0.734375 0.625000
vt 0.750000 0.187500
vt 0.734375 0.187500
vt 0.750000 0.593750
vt 0.734375 0.593750
vt 0.750000 0.156250
vt 0.734375 0.156250
vt 0.750000 0.562500
vt 0.734375 0.562500
vt 0.750000 0.968750
vt 0.742188 1.000000
vt 0.734375 0.968750
vt 0.750000 0.125000
vt 0.734375 0.125000
vt 0.750000 0.531250
vt 0.734375 0.531250
vt 0.750000 0.937500
vt 0.734375 0.937500
vt 0.750000 0.093750
vt 0.734375 0.093750
vt 0.750000 0.500000
vt 0.734375 0.500000
vt 0.750000 0.906250
vt 0.734375 0.906250
vt 0.750000 0.062500
vt 0.734375 0.062500
vt 0.750000 0.468750
vt 0.734375 0.468750
vt 0.750000 0.875000
vt 0.734375 0.875000
vt 0.750000 0.031250
vt 0.734375 0.031250
vt 0.750000 0.437500
vt 0.734375 0.437500
vt 0.750000 0.843750
vt 0.734375 0.843750
vt 0.742188 0.000000
vt 0.750000 0.406250
vt 0.734375 0.406250
vt 0.750000 0.812500
vt 0.734375 0.812500
vt 0.750000 0.375000
vt 0.734375 0.375000
vt 0.750000 0.781250
vt 0.734375 0.781250
vt 0.750000 0.343750
vt 0.734375 0.343750
vt 0.750000 0.750000
vt 0.734375 0.750000
vt 0.750000 0.312500
vt 0.734375 0.312500
vt 0.750000 0.718750
vt 0.734375 0.718750
vt 0.750000 0.281250
vt 0.734375 0.281250
vt 0.750000 0.687500
vt 0.734375 0.687500
vt 0.718750 0.406250
vt 0.718750 0.375000
vt 0.718750 0.812500
vt 0.718750 0.781250
vt 0.718750 0.343750
vt 0.718750 0.750000
vt 0.718750 0.312500
vt 0.718750 0.718750
vt 0.718750 0.281250
vt 0.718750 0.687500
vt 0.718750 0.250000
vt 0.718750 0.656250
vt 0.718750 0.218750
vt 0.718750 0.625000
vt 0.718750 0.187500
vt 0.718750 0.593750
vt 0.718750 0.156250
vt 0.718750 0.562500
vt 0.726562 1.000000
vt 0.718750 0.968750
vt 0.718750 0.125000
vt 0.718750 0.531250
vt 0.718750 0.937500
vt 0.718750 0.093750
vt 0.718750 0.500000
vt 0.718750 0.906250
vt 0.718750 0.062500
vt 0.718750 0.468750
vt 0.718750 0.875000
vt 0.718750 0.031250
vt 0.718750 0.437500
vt 0.718750 0.843750
vt 0.726562 0.000000
vt 0.703125 0.343750
vt 0.703125 0.312500
vt 0.703125 0.750000
vt 0.703125 0.718750
vt 0.703125 0.281250
vt 0.703125 0.687500
vt 0.703125 0.250000
vt 0.703125 0.656250
vt 0.703125 0.218750
vt 0.703125 0.625000
vt 0.703125 0.187500
vt 0.703125 0.593750
vt 0.703125 0.156250
vt 0.703125 0.562500
vt 0.710938 1.000000
vt 0.703125 0.968750
vt 0.703125 0.125000
vt 0.703125 0.531250
vt 0.703125 0.937500
vt 0.703125 0.093750
vt 0.703125 0.500000
vt 0.703125 0.906250
vt 0.703125 0.062500
vt 0.703125 0.468750
vt 0.703125 0.875000
vt 0.703125 0.031250
vt 0.703125 0.437500
vt 0.703125 0.843750
vt 0.710938 0.000000
vt 0.703125 0.406250
vt 0.703125 0.812500
vt 0.703125 0.375000
vt 0.703125 0.781250
vt 0.687500 0.281250
vt 0.687500 0.250000
vt 0.687500 0.687500
vt 0.687500 0.656250
vt 0.687500 0.218750
vt 0.687500 0.625000
vt 0.687500 0.187500
vt 0.687500 0.593750
vt 0.687500 0.156250
vt 0.687500 0.562500
vt 0.695312 1.000000
vt 0.687500 0.968750
vt 0.687500 0.125000
vt 0.687500 0.531250
vt 0.687500 0.937500
vt 0.687500 0.093750
vt 0.687500 0.500000
vt 0.687500 0.906250
vt 0.687500 0.062500
vt 0.687500 0.468750
vt 0.687500 0.875000
vt 0.687500 0.031250
vt 0.687500 0.437500
vt 0.687500 0.843750
vt 0.695312 0.000000
vt 0.687500 0.406250
vt 0.687500 0.812500
vt 0.687500 0.375000
vt 0.687500 0.781250
vt 0.687500 0.343750
vt 0.687500 0.750000
vt 0.687500 0.312500
vt 0.687500 0.718750
vt 0.671875 0.218750
vt 0.671875 0.187500
vt 0.671875 0.625000
vt 0.671875 0.593750
vt 0.671875 0.156250
vt 0.671875 0.562500
vt 0.679688 1.000000
vt 0.671875 0.968750
vt 0.671875 0.125000
vt 0.671875 0.531250
vt 0.671875 0.937500
vt 0.671875 0.093750
vt 0.671875 0.500000
vt 0.671875 0.906250
vt 0.671875 0.062500
vt 0.671875 0.468750
vt 0.671875 0.875000
vt 0.671875 0.031250
vt 0.671875 0.437500
vt 0.671875 0.843750
vt 0.679688 0.000000
vt 0.671875 0.406250
vt 0.671875 0.812500
vt 0.671875 0.375000
vt 0.671875 0.781250
vt 0.671875 0.343750
vt 0.671875 0.750000
vt 0.671875 0.312500
vt 0.671875 0.718750
vt 0.671875 0.281250
vt 0.671875 0.687500
vt 0.671875 0.250000
vt 0.671875 0.656250
vt 0.664062 1.000000
vt 0.656250 0.968750
vt 0.656250 0.156250
vt 0.656250 0.125000
vt 0.656250 0.562500
vt 0.656250 0.531250
vt 0.656250 0.937500
vt 0.656250 0.093750
vt 0.656250 0.500000
vt 0.656250 0.906250
vt 0.656250 0.062500
vt 0.656250 0.468750
vt 0.656250 0.875000
vt 0.656250 0.031250
vt 0.656250 0.437500
vt 0.656250 0.843750
vt 0.664062 0.000000
vt 0.656250 0.406250
vt 0.656250 0.812500
vt 0.656250 0.375000
vt 0.656250 0.781250
vt 0.656250 0.343750
vt 0.656250 0.750000
vt 0.656250 0.312500
vt 0.656250 0.718750
vt 0.656250 0.281250
vt 0.656250 0.687500
vt 0.656250 0.250000
vt 0.656250 0.656250
vt 0.656250 0.218750
vt 0.656250 0.625000
vt 0.656250 0.187500
vt 0.656250 0.593750
vt 0.640625 0.937500
vt 0.640625 0.906250
vt 0.640625 0.093750
vt 0.640625 0.062500
vt 0.640625 0.500000
vt 0.640625 0.468750
vt 0.640625 0.875000
vt 0.640625 0.031250
vt 0.640625 0.437500
vt 0.640625 0.843750
vt 0.648438 0.000000
vt 0.640625 0.406250
vt 0.640625 0.812500
vt 0.640625 0.375000
vt 0.640625 0.781250
vt 0.640625 0.343750
vt 0.640625 0.750000
vt 0.640625 0.312500
vt 0.640625 0.718750
vt 0.640625 0.281250
vt 0.640625 0.687500
vt 0.640625 0.250000
vt 0.640625 0.656250
vt 0.640625 0.218750
vt 0.640625 0.625000
vt 0.640625 0.187500
vt 0.640625 0.593750
vt 0.640625 0.156250
vt 0.640625 0.562500
vt 0.648438 1.000000
vt 0.640625 0.968750
vt 0.640625 0.125000
vt 0.640625 0.531250
vt 0.625000 0.875000
vt 0.625000 0.843750
vt 0.632812 0.000000
vt 0.625000 0.031250
vt 0.625000 0.437500
vt 0.625000 0.406250
vt 0.625000 0.812500
vt 0.625000 0.375000
vt 0.625000 0.781250
vt 0.625000 0.343750
vt 0.625000 0.750000
vt 0.625000 0.312500
vt 0.625000 0.718750
vt 0.625000 0.281250
vt 0.625000 0.687500
vt 0.625000 0.250000
vt 0.625000 0.656250
vt 0.625000 0.218750
vt 0.625000 0.625000
vt 0.625000 0.187500
vt 0.625000 0.593750
vt 0.625000 0.156250
vt 0.625000 0.562500
vt 0.632812 1.000000
vt 0.625000 0.968750
vt 0.625000 0.125000
vt 0.625000 0.531250
vt 0.625000 0.937500
vt 0.625000 0.093750
vt 0.625000 0.500000
vt 0.625000 0.906250
vt 0.625000 0.062500
vt 0.625000 0.468750
vt 0.609375 0.812500
vt 0.609375 0.781250
vt 0.609375 0.375000
vt 0.609375 0.343750
vt 0.609375 0.750000
vt 0.609375 0.312500
vt 0.609375 0.718750
vt 0.609375 0.281250
vt 0.609375 0.687500
vt 0.609375 0.250000
vt 0.609375 0.656250
vt 0.609375 0.218750
vt 0.609375 0.625000
vt 0.609375 0.187500
vt 0.609375 0.593750
vt 0.609375 0.156250
vt 0.609375 0.562500
vt 0.617188 1.000000
vt 0.609375 0.968750
vt 0.609375 0.125000
vt 0.609375 0.531250
vt 0.609375 0.937500
vt 0.609375 0.093750
vt 0.609375 0.500000
vt 0.609375 0.906250
vt 0.609375 0.062500
vt 0.609375 0.468750
vt 0.609375 0.875000
vt 0.609375 0.031250
vt 0.609375 0.437500
vt 0.609375 0.843750
vt 0.617188 0.000000
vt 0.609375 0.406250
vt 0.593750 0.750000
vt 0.593750 0.718750
vt 0.593750 0.312500
vt 0.593750 0.281250
vt 0.593750 0.687500
vt 0.593750 0.250000
vt 0.593750 0.656250
vt 0.593750 0.218750
vt 0.593750 0.625000
vt 0.593750 0.187500
vt 0.593750 0.593750
vt 0.593750 0.156250
vt 0.593750 0.562500
vt 0.601562 1.000000
vt 0.593750 0.968750
vt 0.593750 0.125000
vt 0.593750 0.531250
vt 0.593750 0.937500
vt 0.593750 0.093750
vt 0.593750 0.500000
vt 0.593750 0.906250
vt 0.593750 0.062500
vt 0.593750 0.468750
vt 0.593750 0.875000
vt 0.593750 0.031250
vt 0.593750 0.437500
vt 0.593750 0.843750
vt 0.601562 0.000000
vt 0.593750 0.406250
vt 0.593750 0.812500
vt 0.593750 0.375000
vt 0.593750 0.781250
vt 0.593750 0.343750
vt 0.578125 0.687500
vt 0.578125 0.656250
vt 0.578125 0.250000
vt 0.578125 0.218750
vt 0.578125 0.625000
vt 0.578125 0.187500
vt 0.578125 0.593750
vt 0.578125 0.156250
vt 0.578125 0.562500
vt 0.585938 1.000000
vt 0.578125 0.968750
vt 0.578125 0.125000
vt 0.578125 0.531250
vt 0.578125 0.937500
vt 0.578125 0.093750
vt 0.578125 0.500000
vt 0.578125 0.906250
vt 0.578125 0.062500
vt 0.578125 0.468750
vt 0.578125 0.875000
vt 0.578125 0.031250
vt 0.578125 0.437500
vt 0.578125 0.843750
vt 0.585938 0.000000
vt 0.578125 0.406250
vt 0.578125 0.812500
vt 0.578125 0.375000
vt 0.578125 0.781250
vt 0.578125 0.343750
vt 0.578125 0.750000
vt 0.578125 0.312500
vt 0.578125 0.718750
vt 0.578125 0.281250
vt 0.562500 0.625000
vt 0.562500 0.593750
vt 0.562500 0.187500
vt 0.562500 0.156250
vt 0.562500 0.562500
vt 0.570312 1.000000
vt 0.562500 0.968750
vt 0.562500 0.125000
vt 0.562500 0.531250
vt 0.562500 0.937500
vt 0.562500 0.093750
vt 0.562500 0.500000
vt 0.562500 0.906250
vt 0.562500 0.062500
vt 0.562500 0.468750
vt 0.562500 0.875000
vt 0.562500 0.031250
vt 0.562500 0.437500
vt 0.562500 0.843750
vt 0.570312 0.000000
vt 0.562500 0.406250
vt 0.562500 0.812500
vt 0.562500 0.375000
vt 0.562500 0.781250
vt 0.562500 0.343750
vt 0.562500 0.750000
vt 0.562500 0.312500
vt 0.562500 0.718750
vt 0.562500 0.281250
vt 0.562500 0.687500
vt 0.562500 0.250000
vt 0.562500 0.656250
vt 0.562500 0.218750
vt 0.546875 0.562500
vt 0.546875 0.531250
vt 0.546875 0.968750
vt 0.546875 0.937500
vt 0.546875 0.125000
vt 0.546875 0.093750
vt 0.546875 0.500000
vt 0.546875 0.906250
vt 0.546875 0.062500
vt 0.546875 0.468750
vt 0.546875 0.875000
vt 0.546875 0.031250
vt 0.546875 0.437500
vt 0.546875 0.843750
vt 0.554688 0.000000
vt 0.546875 0.406250
vt 0.546875 0.812500
vt 0.546875 0.375000
vt 0.546875 0.781250
vt 0.546875 0.343750
vt 0.546875 0.750000
vt 0.546875 0.312500
vt 0.546875 0.718750
vt 0.546875 0.281250
vt 0.546875 0.687500
vt 0.546875 0.250000
vt 0.546875 0.656250
vt 0.546875 0.218750
vt 0.546875 0.625000
vt 0.546875 0.187500
vt 0.546875 0.593750
vt 0.546875 0.156250
vt 0.554688 1.000000
vt 0.531250 0.500000
vt 0.531250 0.468750
vt 0.531250 0.906250
vt 0.531250 0.875000
vt 0.531250 0.062500
vt 0.531250 0.031250
vt 0.531250 0.437500
vt 0.531250 0.843750
vt 0.539062 0.000000
vt 0.531250 0.406250
vt 0.531250 0.812500
vt 0.531250 0.375000
vt 0.531250 0.781250
vt 0.531250 0.343750
vt 0.531250 0.750000
vt 0.531250 0.312500
vt 0.531250 0.718750
vt 0.531250 0.281250
vt 0.531250 0.687500
vt 0.531250 0.250000
vt 0.531250 0.656250
vt 0.531250 0.218750
vt 0.531250 0.625000
vt 0.531250 0.187500
vt 0.531250 0.593750
vt 0.531250 0.156250
vt 0.531250 0.562500
vt 0.539062 1.000000
vt 0.531250 0.968750
vt 0.531250 0.125000
vt 0.531250 0.531250
vt 0.531250 0.937500
vt 0.531250 0.093750
vt 0.515625 0.437500
vt 0.515625 0.406250
vt 0.515625 0.843750
vt 0.515625 0.812500
vt 0.515625 0.375000
vt 0.515625 0.781250
vt 0.515625 0.343750
vt 0.515625 0.750000
vt 0.515625 0.312500
vt 0.515625 0.718750
vt 0.515625 0.281250
vt 0.515625 0.687500
vt 0.515625 0.250000
vt 0.515625 0.656250
vt 0.515625 0.218750
vt 0.515625 0.625000
vt 0.515625 0.187500
vt 0.515625 0.593750
vt 0.515625 0.156250
vt 0.515625 0.562500
vt 0.523438 1.000000
vt 0.515625 0.968750
vt 0.515625 0.125000
vt 0.515625 0.531250
vt 0.515625 0.937500
vt 0.515625 0.093750
vt 0.515625 0.500000
vt 0.515625 0.906250
vt 0.515625 0.062500
vt 0.515625 0.468750
vt 0.515625 0.875000
vt 0.515625 0.031250
vt 0.523438 0.000000
vt 0.500000 0.375000
vt 0.500000 0.343750
vt 0.500000 0.781250
vt 0.500000 0.750000
vt 0.500000 0.312500
vt 0.500000 0.718750
vt 0.500000 0.281250
vt 0.500000 0.687500
vt 0.500000 0.250000
vt 0.500000 0.656250
vt 0.500000 0.218750
vt 0.500000 0.625000
vt 0.500000 0.187500
vt 0.500000 0.593750
vt 0.500000 0.156250
vt 0.500000 0.562500
vt 0.507812 1.000000
vt 0.500000 0.968750
vt 0.500000 0.125000
vt 0.500000 0.531250
vt 0.500000 0.937500
vt 0.500000 0.093750
vt 0.500000 0.500000
vt 0.500000 0.906250
vt 0.500000 0.062500
vt 0.500000 0.468750
vt 0.500000 0.875000
vt 0.500000 0.031250
vt 0.500000 0.437500
vt 0.500000 0.843750
vt 0.507812 0.000000
vt 0.500000 0.406250
vt 0.500000 0.812500
vt 0.484375 0.312500
vt 0.484375 0.281250
vt 0.484375 0.718750
vt 0.484375 0.687500
vt 0.484375 0.250000
vt 0.484375 0.656250
vt 0.484375 0.218750
vt 0.484375 0.625000
vt 0.484375 0.187500
vt 0.484375 0.593750
vt 0.484375 0.156250
vt 0.484375 0.562500
vt 0.492188 1.000000
vt 0.484375 0.968750
vt 0.484375 0.125000
vt 0.484375 0.531250
vt 0.484375 0.937500
vt 0.484375 0.093750
vt 0.484375 0.500000
vt 0.484375 0.906250
vt 0.484375 0.062500
vt 0.484375 0.468750
vt 0.484375 0.875000
vt 0.484375 0.031250
vt 0.484375 0.437500
vt 0.484375 0.843750
vt 0.492188 0.000000
vt 0.484375 0.406250
vt 0.484375 0.812500
vt 0.484375 0.375000
vt 0.484375 0.781250
vt 0.484375 0.343750
vt 0.484375 0.750000
vt 0.468750 0.250000
vt 0.468750 0.218750
vt 0.468750 0.656250
vt 0.468750 0.625000
vt 0.468750 0.187500
vt 0.468750 0.593750
vt 0.468750 0.156250
vt 0.468750 0.562500
vt 0.476562 1.000000
vt 0.468750 0.968750
vt 0.468750 0.125000
vt 0.468750 0.531250
vt 0.468750 0.937500
vt 0.468750 0.093750
vt 0.468750 0.500000
vt 0.468750 0.906250
vt 0.468750 0.062500
vt 0.468750 0.468750
vt 0.468750 0.875000
vt 0.468750 0.031250
vt 0.468750 0.437500
vt 0.468750 0.843750
vt 0.476562 0.000000
vt 0.468750 0.406250
vt 0.468750 0.812500
vt 0.468750 0.375000
vt 0.468750 0.781250
vt 0.468750 0.343750
vt 0.468750 0.750000
vt 0.468750 0.312500
vt 0.468750 0.718750
vt 0.468750 0.281250
vt 0.468750 0.687500
vt 0.453125 0.187500
vt 0.453125 0.156250
vt 0.453125 0.593750
vt 0.453125 0.562500
vt 0.460938 1.000000
vt 0.453125 0.968750
vt 0.453125 0.125000
vt 0.453125 0.531250
vt 0.453125 0.937500
vt 0.453125 0.093750
vt 0.453125 0.500000
vt 0.453125 0.906250
vt 0.453125 0.062500
vt 0.453125 0.468750
vt 0.453125 0.875000
vt 0.453125 0.031250
vt 0.453125 0.437500
vt 0.453125 0.843750
vt 0.460938 0.000000
vt 0.453125 0.406250
vt 0.453125 0.812500
vt 0.453125 0.375000
vt 0.453125 0.781250
vt 0.453125 0.343750
vt 0.453125 0.750000
vt 0.453125 0.312500
vt 0.453125 0.718750
vt 0.453125 0.281250
vt 0.453125 0.687500
vt 0.453125 0.250000
vt 0.453125 0.656250
vt 0.453125 0.218750
vt 0.453125 0.625000
vt 0.437500 0.968750
vt 0.437500 0.937500
vt 0.437500 0.125000
vt 0.437500 0.093750
vt 0.437500 0.531250
vt 0.437500 0.500000
vt 0.437500 0.906250
vt 0.437500 0.062500
vt 0.437500 0.468750
vt 0.437500 0.875000
vt 0.437500 0.031250
vt 0.437500 0.437500
vt 0.437500 0.843750
vt 0.445312 0.000000
vt 0.437500 0.406250
vt 0.437500 0.812500
vt 0.437500 0.375000
vt 0.437500 0.781250
vt 0.437500 0.343750
vt 0.437500 0.750000
vt 0.437500 0.312500
vt 0.437500 0.718750
vt 0.437500 0.281250
vt 0.437500 0.687500
vt 0.437500 0.250000
vt 0.437500 0.656250
vt 0.437500 0.218750
vt 0.437500 0.625000
vt 0.437500 0.187500
vt 0.437500 0.593750
vt 0.437500 0.156250
vt 0.437500 0.562500
vt 0.445312 1.000000
vt 0.421875 0.906250
vt 0.421875 0.875000
vt 0.421875 0.062500
vt 0.421875 0.031250
vt 0.421875 0.468750
vt 0.421875 0.437500
vt 0.421875 0.843750
vt 0.429688 0.000000
vt 0.421875 0.406250
vt 0.421875 0.812500
vt 0.421875 0.375000
vt 0.421875 0.781250
vt 0.421875 0.343750
vt 0.421875 0.750000
vt 0.421875 0.312500
vt 0.421875 0.718750
vt 0.421875 0.281250
vt 0.421875 0.687500
vt 0.421875 0.250000
vt 0.421875 0.656250
vt 0.421875 0.218750
vt 0.421875 0.625000
vt 0.421875 0.187500
vt 0.421875 0.593750
vt 0.421875 0.156250
vt 0.421875 0.562500
vt 0.429688 1.000000
vt 0.421875 0.968750
vt 0.421875 0.125000
vt 0.421875 0.531250
vt 0.421875 0.937500
vt 0.421875 0.093750
vt 0.421875 0.500000
vt 0.406250 0.843750
vt 0.406250 0.812500
vt 0.406250 0.406250
vt 0.406250 0.375000
vt 0.406250 0.781250
vt 0.406250 0.343750
vt 0.406250 0.750000
vt 0.406250 0.312500
vt 0.406250 0.718750
vt 0.406250 0.281250
vt 0.406250 0.687500
vt 0.406250 0.250000
vt 0.406250 0.656250
vt 0.406250 0.218750
vt 0.406250 0.625000
vt 0.406250 0.187500
vt 0.406250 0.593750
vt 0.406250 0.156250
vt 0.406250 0.562500
vt 0.414062 1.000000
vt 0.406250 0.968750
vt 0.406250 0.125000
vt 0.406250 0.531250
vt 0.406250 0.937500
vt 0.406250 0.093750
vt 0.406250 0.500000
vt 0.406250 0.906250
vt 0.406250 0.062500
vt 0.406250 0.468750
vt 0.406250 0.875000
vt 0.406250 0.031250
vt 0.406250 0.437500
vt 0.414062 0.000000
vt 0.390625 0.781250
vt 0.390625 0.750000
vt 0.390625 0.343750
vt 0.390625 0.312500
vt 0.390625 0.718750
vt 0.390625 0.281250
vt 0.390625 0.687500
vt 0.390625 0.250000
vt 0.390625 0.656250
vt 0.390625 0.218750
vt 0.390625 0.625000
vt 0.390625 0.187500
vt 0.390625 0.593750
vt 0.390625 0.156250
vt 0.390625 0.562500
vt 0.398438 1.000000
vt 0.390625 0.968750
vt 0.390625 0.125000
vt 0.390625 0.531250
vt 0.390625 0.937500
vt 0.390625 0.093750
vt 0.390625 0.500000
vt 0.390625 0.906250
vt 0.390625 0.062500
vt 0.390625 0.468750
vt 0.390625 0.875000
vt 0.390625 0.031250
vt 0.390625 0.437500
vt 0.390625 0.843750
vt 0.398438 0.000000
vt 0.390625 0.406250
vt 0.390625 0.812500
vt 0.390625 0.375000
vt 0.375000 0.718750
vt 0.375000 0.687500
vt 0.375000 0.281250
vt 0.375000 0.250000
vt 0.375000 0.656250
vt 0.375000 0.218750
vt 0.375000 0.625000
vt 0.375000 0.187500
vt 0.375000 0.593750
vt 0.375000 0.156250
vt 0.375000 0.562500
vt 0.382812 1.000000
vt 0.375000 0.968750
vt 0.375000 0.125000
vt 0.375000 0.531250
vt 0.375000 0.937500
vt 0.375000 0.093750
vt 0.375000 0.500000
vt 0.375000 0.906250
vt 0.375000 0.062500
vt 0.375000 0.468750
vt 0.375000 0.875000
vt 0.375000 0.031250
vt 0.375000 0.437500
vt 0.375000 0.843750
vt 0.382812 0.000000
vt 0.375000 0.406250
vt 0.375000 0.812500
vt 0.375000 0.375000
vt 0.375000 0.781250
vt 0.375000 0.343750
vt 0.375000 0.750000
vt 0.375000 0.312500
vt 0.359375 0.656250
vt 0.359375 0.625000
vt 0.359375 0.218750
vt 0.359375 0.187500
vt 0.359375 0.593750
vt 0.359375 0.156250
vt 0.359375 0.562500
vt 0.367188 1.000000
vt 0.359375 0.968750
vt 0.359375 0.125000
vt 0.359375 0.531250
vt 0.359375 0.937500
vt 0.359375 0.093750
vt 0.359375 0.500000
vt 0.359375 0.906250
vt 0.359375 0.062500
vt 0.359375 0.468750
vt 0.359375 0.875000
vt 0.359375 0.031250
vt 0.359375 0.437500
vt 0.359375 0.843750
vt 0.367188 0.000000
vt 0.359375 0.406250
vt 0.359375 0.812500
vt 0.359375 0.375000
vt 0.359375 0.781250
vt 0.359375 0.343750
vt 0.359375 0.750000
vt 0.359375 0.312500
vt 0.359375 0.718750
vt 0.359375 0.281250
vt 0.359375 0.687500
vt 0.359375 0.250000
vt 0.343750 0.593750
vt 0.343750 0.562500
vt 0.351562 1.000000
vt 0.343750 0.968750
vt 0.343750 0.156250
vt 0.343750 0.125000
vt 0.343750 0.531250
vt 0.343750 0.937500
vt 0.343750 0.093750
vt 0.343750 0.500000
vt 0.343750 0.906250
vt 0.343750 0.062500
vt 0.343750 0.468750
vt 0.343750 0.875000
vt 0.343750 0.031250
vt 0.343750 0.437500
vt 0.343750 0.843750
vt 0.351562 0.000000
vt 0.343750 0.406250
vt 0.343750 0.812500
vt 0.343750 0.375000
vt 0.343750 0.781250
vt 0.343750 0.343750
vt 0.343750 0.750000
vt 0.343750 0.312500
vt 0.343750 0.718750
vt 0.343750 0.281250
vt 0.343750 0.687500
vt 0.343750 0.250000
vt 0.343750 0.656250
vt 0.343750 0.218750
vt 0.343750 0.625000
vt 0.343750 0.187500
vt 0.328125 0.781250
vt 0.328125 0.750000
vt 0.328125 0.343750
vt 0.328125 0.312500
vt 0.328125 0.718750
vt 0.328125 0.281250
vt 0.328125 0.687500
vt 0.328125 0.250000
vt 0.328125 0.656250
vt 0.328125 0.218750
vt 0.328125 0.625000
vt 0.328125 0.187500
vt 0.328125 0.593750
vt 0.328125 0.156250
vt 0.328125 0.562500
vt 0.335938 1.000000
vt 0.328125 0.968750
vt 0.328125 0.125000
vt 0.328125 0.531250
vt 0.328125 0.937500
vt 0.328125 0.093750
vt 0.328125 0.500000
vt 0.328125 0.906250
vt 0.328125 0.062500
vt 0.328125 0.468750
vt 0.328125 0.875000
vt 0.328125 0.031250
vt 0.328125 0.437500
vt 0.328125 0.843750
vt 0.335938 0.000000
vt 0.328125 0.406250
vt 0.328125 0.812500
vt 0.328125 0.375000
vt 0.312500 0.718750
vt 0.312500 0.687500
vt 0.312500 0.281250
vt 0.312500 0.250000
vt 0.312500 0.656250
vt 0.312500 0.218750
vt 0.312500 0.625000
vt 0.312500 0.187500
vt 0.312500 0.593750
vt 0.312500 0.156250
vt 0.312500 0.562500
vt 0.320312 1.000000
vt 0.312500 0.968750
vt 0.312500 0.125000
vt 0.312500 0.531250
vt 0.312500 0.937500
vt 0.312500 0.093750
vt 0.312500 0.500000
vt 0.312500 0.906250
vt 0.312500 0.062500
vt 0.312500 0.468750
vt 0.312500 0.875000
vt 0.312500 0.031250
vt 0.312500 0.437500
vt 0.312500 0.843750
vt 0.320312 0.000000
vt 0.312500 0.406250
vt 0.312500 0.812500
vt 0.312500 0.375000
vt 0.312500 0.781250
vt 0.312500 0.343750
vt 0.312500 0.750000
vt 0.312500 0.312500
vt 0.296875 0.656250
vt 0.296875 0.625000
vt 0.296875 0.218750
vt 0.296875 0.187500
vt 0.296875 0.593750
vt 0.296875 0.156250
vt 0.296875 0.562500
vt 0.304688 1.000000
vt 0.296875 0.968750
vt 0.296875 0.125000
vt 0.296875 0.531250
vt 0.296875 0.937500
vt 0.296875 0.093750
vt 0.296875 0.500000
vt 0.296875 0.906250
vt 0.296875 0.062500
vt 0.296875 0.468750
vt 0.296875 0.875000
vt 0.296875 0.031250
vt 0.296875 0.437500
vt 0.296875 0.843750
vt 0.304688 0.000000
vt 0.296875 0.406250
vt 0.296875 0.812500
vt 0.296875 0.375000
vt 0.296875 0.781250
vt 0.296875 0.343750
vt 0.296875 0.750000
vt 0.296875 0.312500
vt 0.296875 0.718750
vt 0.296875 0.281250
vt 0.296875 0.687500
vt 0.296875 0.250000
vt 0.281250 0.593750
vt 0.281250 0.562500
vt 0.289062 1.000000
vt 0.281250 0.968750
vt 0.281250 0.156250
vt 0.281250 0.125000
vt 0.281250 0.531250
vt 0.281250 0.937500
vt 0.281250 0.093750
vt 0.281250 0.500000
vt 0.281250 0.906250
vt 0.281250 0.062500
vt 0.281250 0.468750
vt 0.281250 0.875000
vt 0.281250 0.031250
vt 0.281250 0.437500
vt 0.281250 0.843750
vt 0.289062 0.000000
vt 0.281250 0.406250
vt 0.281250 0.812500
vt 0.281250 0.375000
vt 0.281250 0.781250
vt 0.281250 0.343750
vt 0.281250 0.750000
vt 0.281250 0.312500
vt 0.281250 0.718750
vt 0.281250 0.281250
vt 0.281250 0.687500
vt 0.281250 0.250000
vt 0.281250 0.656250
vt 0.281250 0.218750
vt 0.281250 0.625000
vt 0.281250 0.187500
vt 0.265625 0.531250
vt 0.265625 0.500000
vt 0.265625 0.937500
vt 0.265625 0.906250
vt 0.265625 0.093750
vt 0.265625 0.062500
vt 0.265625 0.468750
vt 0.265625 0.875000
vt 0.265625 0.031250
vt 0.265625 0.437500
vt 0.265625 0.843750
vt 0.273438 0.000000
vt 0.265625 0.406250
vt 0.265625 0.812500
vt 0.265625 0.375000
vt 0.265625 0.781250
vt 0.265625 0.343750
vt 0.265625 0.750000
vt 0.265625 0.312500
vt 0.265625 0.718750
vt 0.265625 0.281250
vt 0.265625 0.687500
vt 0.265625 0.250000
vt 0.265625 0.656250
vt 0.265625 0.218750
vt 0.265625 0.625000
vt 0.265625 0.187500
vt 0.265625 0.593750
vt 0.265625 0.156250
vt 0.265625 0.562500
vt 0.273438 1.000000
vt 0.265625 0.968750
vt 0.265625 0.125000
vt 0.250000 0.468750
vt 0.250000 0.437500
vt 0.250000 0.875000
vt 0.250000 0.843750
vt 0.257812 0.000000
vt 0.250000 0.031250
vt 0.250000 0.406250
vt 0.250000 0.812500
vt 0.250000 0.375000
vt 0.250000 0.781250
vt 0.250000 0.343750
vt 0.250000 0.750000
vt 0.250000 0.312500
vt 0.250000 0.718750
vt 0.250000 0.281250
vt 0.250000 0.687500
vt 0.250000 0.250000
vt 0.250000 0.656250
vt 0.250000 0.218750
vt 0.250000 0.625000
vt 0.250000 0.187500
vt 0.250000 0.593750
vt 0.250000 0.156250
vt 0.250000 0.562500
vt 0.257812 1.000000
vt 0.250000 0.968750
vt 0.250000 0.125000
vt 0.250000 0.531250
vt 0.250000 0.937500
vt 0.250000 0.093750
vt 0.250000 0.500000
vt 0.250000 0.906250
vt 0.250000 0.062500
vt 0.234375 0.406250
vt 0.234375 0.375000
vt 0.234375 0.812500
vt 0.234375 0.781250
vt 0.234375 0.343750
vt 0.234375 0.750000
vt 0.234375 0.312500
vt 0.234375 0.718750
vt 0.234375 0.281250
vt 0.234375 0.687500
vt 0.234375 0.250000
vt 0.234375 0.656250
vt 0.234375 0.218750
vt 0.234375 0.625000
vt 0.234375 0.187500
vt 0.234375 0.593750
vt 0.234375 0.156250
vt 0.234375 0.562500
vt 0.242188 1.000000
vt 0.234375 0.968750
vt 0.234375 0.125000
vt 0.234375 0.531250
vt 0.234375 0.937500
vt 0.234375 0.093750
vt 0.234375 0.500000
vt 0.234375 0.906250
vt 0.234375 0.062500
vt 0.234375 0.468750
vt 0.234375 0.875000
vt 0.234375 0.031250
vt 0.234375 0.437500
vt 0.234375 0.843750
vt 0.242188 0.000000
vt 0.218750 0.343750
vt 0.218750 0.312500
vt 0.218750 0.750000
vt 0.218750 0.718750
vt 0.218750 0.281250
vt 0.218750 0.687500
vt 0.218750 0.250000
vt 0.218750 0.656250
vt 0.218750 0.218750
vt 0.218750 0.625000
vt 0.218750 0.187500
vt 0.218750 0.593750
vt 0.218750 0.156250
vt 0.218750 0.562500
vt 0.226562 1.000000
vt 0.218750 0.968750
vt 0.218750 0.125000
vt 0.218750 0.531250
vt 0.218750 0.937500
vt 0.218750 0.093750
vt 0.218750 0.500000
vt 0.218750 0.906250
vt 0.218750 0.062500
vt 0.218750 0.468750
vt 0.218750 0.875000
vt 0.218750 0.031250
vt 0.218750 0.437500
vt 0.218750 0.843750
vt 0.226562 0.000000
vt 0.218750 0.406250
vt 0.218750 0.812500
vt 0.218750 0.375000
vt 0.218750 0.781250
vt 0.203125 0.281250
vt 0.203125 0.250000
vt 0.203125 0.687500
vt 0.203125 0.656250
vt 0.203125 0.218750
vt 0.203125 0.625000
vt 0.203125 0.187500
vt 0.203125 0.593750
vt 0.203125 0.156250
vt 0.203125 0.562500
vt 0.210938 1.000000
vt 0.203125 0.968750
vt 0.203125 0.125000
vt 0.203125 0.531250
vt 0.203125 0.937500
vt 0.203125 0.093750
vt 0.203125 0.500000
vt 0.203125 0.906250
vt 0.203125 0.062500
vt 0.203125 0.468750
vt 0.203125 0.875000
vt 0.203125 0.031250
vt 0.203125 0.437500
vt 0.203125 0.843750
vt 0.210938 0.000000
vt 0.203125 0.406250
vt 0.203125 0.812500
vt 0.203125 0.375000
vt 0.203125 0.781250
vt 0.203125 0.343750
vt 0.203125 0.750000
vt 0.203125 0.312500
vt 0.203125 0.718750
vt 0.187500 0.218750
vt 0.187500 0.187500
vt 0.187500 0.625000
vt 0.187500 0.593750
vt 0.187500 0.156250
vt 0.187500 0.562500
vt 0.195313 1.000000
vt 0.187500 0.968750
vt 0.187500 0.125000
vt 0.187500 0.531250
vt 0.187500 0.937500
vt 0.187500 0.093750
vt 0.187500 0.500000
vt 0.187500 0.906250
vt 0.187500 0.062500
vt 0.187500 0.468750
vt 0.187500 0.875000
vt 0.187500 0.031250
vt 0.187500 0.437500
vt 0.187500 0.843750
vt 0.195313 0.000000
vt 0.187500 0.406250
vt 0.187500 0.812500
vt 0.187500 0.375000
vt 0.187500 0.781250
vt 0.187500 0.343750
vt 0.187500 0.750000
vt 0.187500 0.312500
vt 0.187500 0.718750
vt 0.187500 0.281250
vt 0.187500 0.687500
vt 0.187500 0.250000
vt 0.187500 0.656250
vt 0.179688 1.000000
vt 0.171875 0.968750
vt 0.171875 0.156250
vt 0.171875 0.125000
vt 0.171875 0.562500
vt 0.171875 0.531250
vt 0.171875 0.937500
vt 0.171875 0.093750
vt 0.171875 0.500000
vt 0.171875 0.906250
vt 0.171875 0.062500
vt 0.171875 0.468750
vt 0.171875 0.875000
vt 0.171875 0.031250
vt 0.171875 0.437500
vt 0.171875 0.843750
vt 0.179688 0.000000
vt 0.171875 0.406250
vt 0.171875 0.812500
vt 0.171875 0.375000
vt 0.171875 0.781250
vt 0.171875 0.343750
vt 0.171875 0.750000
vt 0.171875 0.312500
vt 0.171875 0.718750
vt 0.171875 0.281250
vt 0.171875 0.687500
vt 0.171875 0.250000
vt 0.171875 0.656250
vt 0.171875 0.218750
vt 0.171875 0.625000
vt 0.171875 0.187500
vt 0.171875 0.593750
vt 0.156250 0.937500
vt 0.156250 0.906250
vt 0.156250 0.093750
vt 0.156250 0.062500
vt 0.156250 0.500000
vt 0.156250 0.468750
vt 0.156250 0.875000
vt 0.156250 0.031250
vt 0.156250 0.437500
vt 0.156250 0.843750
vt 0.164062 0.000000
vt 0.156250 0.406250
vt 0.156250 0.812500
vt 0.156250 0.375000
vt 0.156250 0.781250
vt 0.156250 0.343750
vt 0.156250 0.750000
vt 0.156250 0.312500
vt 0.156250 0.718750
vt 0.156250 0.281250
vt 0.156250 0.687500
vt 0.156250 0.250000
vt 0.156250 0.656250
vt 0.156250 0.218750
vt 0.156250 0.625000
vt 0.156250 0.187500
vt 0.156250 0.593750
vt 0.156250 0.156250
vt 0.156250 0.562500
vt 0.164062 1.000000
vt 0.156250 0.968750
vt 0.156250 0.125000
vt 0.156250 0.531250
vt 0.140625 0.875000
vt 0.140625 0.843750
vt 0.148438 0.000000
vt 0.140625 0.031250
vt 0.140625 0.437500
vt 0.140625 0.406250
vt 0.140625 0.812500
vt 0.140625 0.375000
vt 0.140625 0.781250
vt 0.140625 0.343750
vt 0.140625 0.750000
vt 0.140625 0.312500
vt 0.140625 0.718750
vt 0.140625 0.281250
vt 0.140625 0.687500
vt 0.140625 0.250000
vt 0.140625 0.656250
vt 0.140625 0.218750
vt 0.140625 0.625000
vt 0.140625 0.187500
vt 0.140625 0.593750
vt 0.140625 0.156250
vt 0.140625 0.562500
vt 0.148438 1.000000
vt 0.140625 0.968750
vt 0.140625 0.125000
vt 0.140625 0.531250
vt 0.140625 0.937500
vt 0.140625 0.093750
vt 0.140625 0.500000
vt 0.140625 0.906250
vt 0.140625 0.062500
vt 0.140625 0.468750
vt 0.125000 0.812500
vt 0.125000 0.781250
vt 0.125000 0.375000
vt 0.125000 0.343750
vt 0.125000 0.750000
vt 0.125000 0.312500
vt 0.125000 0.718750
vt 0.125000 0.281250
vt 0.125000 0.687500
vt 0.125000 0.250000
vt 0.125000 0.656250
vt 0.125000 0.218750
vt 0.125000 0.625000
vt 0.125000 0.187500
vt 0.125000 0.593750
vt 0.125000 0.156250
vt 0.125000 0.562500
vt 0.132812 1.000000
vt 0.125000 0.968750
vt 0.125000 0.125000
vt 0.125000 0.531250
vt 0.125000 0.937500
vt 0.125000 0.093750
vt 0.125000 0.500000
vt 0.125000 0.906250
vt 0.125000 0.062500
vt 0.125000 0.468750
vt 0.125000 0.875000
vt 0.125000 0.031250
vt 0.125000 0.437500
vt 0.125000 0.843750
vt 0.132812 0.000000
vt 0.125000 0.406250
vt 0.109375 0.750000
vt 0.109375 0.718750
vt 0.109375 0.312500
vt 0.109375 0.281250
vt 0.109375 0.687500
vt 0.109375 0.250000
vt 0.109375 0.656250
vt 0.109375 0.218750
vt 0.109375 0.625000
vt 0.109375 0.187500
vt 0.109375 0.593750
vt 0.109375 0.156250
vt 0.109375 0.562500
vt 0.117188 1.000000
vt 0.109375 0.968750
vt 0.109375 0.125000
vt 0.109375 0.531250
vt 0.109375 0.937500
vt 0.109375 0.093750
vt 0.109375 0.500000
vt 0.109375 0.906250
vt 0.109375 0.062500
vt 0.109375 0.468750
vt 0.109375 0.875000
vt 0.109375 0.031250
vt 0.109375 0.437500
vt 0.109375 0.843750
vt 0.117188 0.000000
vt 0.109375 0.406250
vt 0.109375 0.812500
vt 0.109375 0.375000
vt 0.109375 0.781250
vt 0.109375 0.343750
vt 0.093750 0.687500
vt 0.093750 0.656250
vt 0.093750 0.250000
vt 0.093750 0.218750
vt 0.093750 0.625000
vt 0.093750 0.187500
vt 0.093750 0.593750
vt 0.093750 0.156250
vt 0.093750 0.562500
vt 0.101563 1.000000
vt 0.093750 0.968750
vt 0.093750 0.125000
vt 0.093750 0.531250
vt 0.093750 0.937500
vt 0.093750 0.093750
vt 0.093750 0.500000
vt 0.093750 0.906250
vt 0.093750 0.062500
vt 0.093750 0.468750
vt 0.093750 0.875000
vt 0.093750 0.031250
vt 0.093750 0.437500
vt 0.093750 0.843750
vt 0.101563 0.000000
vt 0.093750 0.406250
vt 0.093750 0.812500
vt 0.093750 0.375000
vt 0.093750 0.781250
vt 0.093750 0.343750
vt 0.093750 0.750000
vt 0.093750 0.312500
vt 0.093750 0.718750
vt 0.093750 0.281250
vt 0.078125 0.625000
vt 0.078125 0.593750
vt 0.078125 0.187500
vt 0.078125 0.156250
vt 0.078125 0.562500
vt 0.085938 1.000000
vt 0.078125 0.968750
vt 0.078125 0.125000
vt 0.078125 0.531250
vt 0.078125 0.937500
vt 0.078125 0.093750
vt 0.078125 0.500000
vt 0.078125 0.906250
vt 0.078125 0.062500
vt 0.078125 0.468750
vt 0.078125 0.875000
vt 0.078125 0.031250
vt 0.078125 0.437500
vt 0.078125 0.843750
vt 0.085938 0.000000
vt 0.078125 0.406250
vt 0.078125 0.812500
vt 0.078125 0.375000
vt 0.078125 0.781250
vt 0.078125 0.343750
vt 0.078125 0.750000
vt 0.078125 0.312500
vt 0.078125 0.718750
vt 0.078125 0.281250
vt 0.078125 0.687500
vt 0.078125 0.250000
vt 0.078125 0.656250
vt 0.078125 0.218750
vt 0.062500 0.562500
vt 0.062500 0.531250
vt 0.062500 0.968750
vt 0.062500 0.937500
vt 0.062500 0.125000
vt 0.062500 0.093750
vt 0.062500 0.500000
vt 0.062500 0.906250
vt 0.062500 0.062500
vt 0.062500 0.468750
vt 0.062500 0.875000
vt 0.062500 0.031250
vt 0.062500 0.437500
vt 0.062500 0.843750
vt 0.070312 0.000000
vt 0.062500 0.406250
vt 0.062500 0.812500
vt 0.062500 0.375000
vt 0.062500 0.781250
vt 0.062500 0.343750
vt 0.062500 0.750000
vt 0.062500 0.312500
vt 0.062500 0.718750
vt 0.062500 0.281250
vt 0.062500 0.687500
vt 0.062500 0.250000
vt 0.062500 0.656250
vt 0.062500 0.218750
vt 0.062500 0.625000
vt 0.062500 0.187500
vt 0.062500 0.593750
vt 0.062500 0.156250
vt 0.070312 1.000000
vt 0.046875 0.500000
vt 0.046875 0.468750
vt 0.046875 0.906250
vt 0.046875 0.875000
vt 0.046875 0.062500
vt 0.046875 0.031250
vt 0.046875 0.437500
vt 0.046875 0.843750
vt 0.054688 0.000000
vt 0.046875 0.406250
vt 0.046875 0.812500
vt 0.046875 0.375000
vt 0.046875 0.781250
vt 0.046875 0.343750
vt 0.046875 0.750000
vt 0.046875 0.312500
vt 0.046875 0.718750
vt 0.046875 0.281250
vt 0.046875 0.687500
vt 0.046875 0.250000
vt 0.046875 0.656250
vt 0.046875 0.218750
vt 0.046875 0.625000
vt 0.046875 0.187500
vt 0.046875 0.593750
vt 0.046875 0.156250
vt 0.046875 0.562500
vt 0.054688 1.000000
vt 0.046875 0.968750
vt 0.046875 0.125000
vt 0.046875 0.531250
vt 0.046875 0.937500
vt 0.046875 0.093750
vt 0.031250 0.437500
vt 0.031250 0.406250
vt 0.031250 0.843750
vt 0.031250 0.812500
vt 0.031250 0.375000
vt 0.031250 0.781250
vt 0.031250 0.343750
vt 0.031250 0.750000
vt 0.031250 0.312500
vt 0.031250 0.718750
vt 0.031250 0.281250
vt 0.031250 0.687500
vt 0.031250 0.250000
vt 0.031250 0.656250
vt 0.031250 0.218750
vt 0.031250 0.625000
vt 0.031250 0.187500
vt 0.031250 0.593750
vt 0.031250 0.156250
vt 0.031250 0.562500
vt 0.039063 1.000000
vt 0.031250 0.968750
vt 0.031250 0.125000
vt 0.031250 0.531250
vt 0.031250 0.937500
vt 0.031250 0.093750
vt 0.031250 0.500000
vt 0.031250 0.906250
vt 0.031250 0.062500
vt 0.031250 0.468750
vt 0.031250 0.875000
vt 0.031250 0.031250
vt 0.039063 0.000000
vt 0.015625 0.375000
vt 0.015625 0.343750
vt 0.015625 0.781250
vt 0.015625 0.750000
vt 0.015625 0.312500
vt 0.015625 0.718750
vt 0.015625 0.281250
vt 0.015625 0.687500
vt 0.015625 0.250000
vt 0.015625 0.656250
vt 0.015625 0.218750
vt 0.015625 0.625000
vt 0.015625 0.187500
vt 0.015625 0.593750
vt 0.015625 0.156250
vt 0.015625 0.562500
vt 0.023438 1.000000
vt 0.015625 0.968750
vt 0.015625 0.125000
vt 0.015625 0.531250
vt 0.015625 0.937500
vt 0.015625 0.093750
vt 0.015625 0.500000
vt 0.015625 0.906250
vt 0.015625 0.062500
vt 0.015625 0.468750
vt 0.015625 0.875000
vt 0.015625 0.031250
vt 0.015625 0.437500
vt 0.015625 0.843750
vt 0.023438 0.000000
vt 0.015625 0.406250
vt 0.015625 0.812500
vt 0.000000 0.312500
vt 0.000000 0.281250
vt 0.000000 0.718750
vt 0.000000 0.687500
vt 0.000000 0.250000
vt 0.000000 0.656250
vt 0.000000 0.218750
vt 0.000000 0.625000
vt 0.000000 0.187500
vt 0.000000 0.593750
vt 0.000000 0.156250
vt 0.000000 0.562500
vt 0.007813 1.000000
vt 0.000000 0.968750
vt 0.000000 0.125000
vt 0.000000 0.531250
vt 0.000000 0.937500
vt 0.000000 0.093750
vt 0.000000 0.500000
vt 0.000000 0.906250
vt 0.000000 0.062500
vt 0.000000 0.468750
vt 0.000000 0.875000
vt 0.000000 0.031250
vt 0.000000 0.437500
vt 0.000000 0.843750
vt 0.007813 0.000000
vt 0.000000 0.406250
vt 0.000000 0.812500
vt 0.000000 0.375000
vt 0.000000 0.781250
vt 0.000000 0.343750
vt 0.000000 0.750000
vt 1.000000 0.218750
vt 1.000000 0.250000
vt 0.984375 0.250000
vt 0.984375 0.218750
vt 1.000000 0.625000
vt 1.000000 0.656250
vt 0.984375 0.656250
vt 0.984375 0.625000
vt 1.000000 0.187500
vt 0.984375 0.187500
vt 1.000000 0.593750
vt 0.984375 0.593750
vt 1.000000 0.156250
vt 0.984375 0.156250
vt 1.000000 0.562500
vt 0.984375 0.562500
vt 1.000000 0.968750
vt 0.992188 1.000000
vt 0.984375 0.968750
vt 1.000000 0.125000
vt 0.984375 0.125000
vt 1.000000 0.531250
vt 0.984375 0.531250
vt 1.000000 0.937500
vt 0.984375 0.937500
vt 1.000000 0.093750
vt 0.984375 0.093750
vt 1.000000 0.500000
vt 0.984375 0.500000
vt 1.000000 0.906250
vt 0.984375 0.906250
vt 1.000000 0.062500
vt 0.984375 0.062500
vt 1.000000 0.468750
vt 0.984375 0.468750
vt 1.000000 0.875000
vt 0.984375 0.875000
vt 1.000000 0.031250
vt 0.984375 0.031250
vt 1.000000 0.437500
vt 0.984375 0.437500
vt 1.000000 0.843750
vt 0.984375 0.843750
vt 0.992188 0.000000
vt 1.000000 0.406250
vt 0.984375 0.406250
vt 1.000000 0.812500
vt 0.984375 0.812500
vt 1.000000 0.375000
vt 0.984375 0.375000
vt 1.000000 0.781250
vt 0.984375 0.781250
vt 1.000000 0.343750
vt 0.984375 0.343750
vt 1.000000 0.750000
vt 0.984375 0.750000
vt 1.000000 0.312500
vt 0.984375 0.312500
vt 1.000000 0.718750
vt 0.984375 0.718750
vt 1.000000 0.281250
vt 0.984375 0.281250
vt 1.000000 0.687500
vt 0.984375 0.687500
vt 0.968750 0.187500
vt 0.968750 0.156250
vt 0.968750 0.593750
vt 0.968750 0.562500
vt 0.976562 1.000000
vt 0.968750 0.968750
vt 0.968750 0.125000
vt 0.968750 0.531250
vt 0.968750 0.937500
vt 0.968750 0.093750
vt 0.968750 0.500000
vt 0.968750 0.906250
vt 0.968750 0.062500
vt 0.968750 0.468750
vt 0.968750 0.875000
vt 0.968750 0.031250
vt 0.968750 0.437500
vt 0.968750 0.843750
vt 0.976562 0.000000
vt 0.968750 0.406250
vt 0.968750 0.812500
vt 0.968750 0.375000
vt 0.968750 0.781250
vt 0.968750 0.343750
vt 0.968750 0.750000
vt 0.968750 0.312500
vt 0.968750 0.718750
vt 0.968750 0.281250
vt 0.968750 0.687500
vt 0.968750 0.250000
vt 0.968750 0.656250
vt 0.968750 0.218750
vt 0.968750 0.625000
vt 0.953125 0.125000
vt 0.953125 0.093750
vt 0.953125 0.531250
vt 0.953125 0.500000
vt 0.953125 0.937500
vt 0.953125 0.906250
vt 0.953125 0.062500
vt 0.953125 0.468750
vt 0.953125 0.875000
vt 0.953125 0.031250
vt 0.953125 0.437500
vt 0.953125 0.843750
vt 0.960938 0.000000
vt 0.953125 0.406250
vt 0.953125 0.812500
vt 0.953125 0.375000
vt 0.953125 0.781250
vt 0.953125 0.343750
vt 0.953125 0.750000
vt 0.953125 0.312500
vt 0.953125 0.718750
vt 0.953125 0.281250
vt 0.953125 0.687500
vt 0.953125 0.250000
vt 0.953125 0.656250
vt 0.953125 0.218750
vt 0.953125 0.625000
vt 0.953125 0.187500
vt 0.953125 0.593750
vt 0.953125 0.156250
vt 0.953125 0.562500
vt 0.960938 1.000000
vt 0.953125 0.968750
vt 0.937500 0.343750
vt 0.937500 0.312500
vt 0.937500 0.750000
vt 0.937500 0.718750
vt 0.937500 0.281250
vt 0.937500 0.687500
vt 0.937500 0.250000
vt 0.937500 0.656250
vt 0.937500 0.218750
vt 0.937500 0.625000
vt 0.937500 0.187500
vt 0.937500 0.593750
vt 0.937500 0.156250
vt 0.937500 0.562500
vt 0.945312 1.000000
vt 0.937500 0.968750
vt 0.937500 0.125000
vt 0.937500 0.531250
vt 0.937500 0.937500
vt 0.937500 0.093750
vt 0.937500 0.500000
vt 0.937500 0.906250
vt 0.937500 0.062500
vt 0.937500 0.468750
vt 0.937500 0.875000
vt 0.937500 0.031250
vt 0.937500 0.437500
vt 0.937500 0.843750
vt 0.945312 0.000000
vt 0.937500 0.406250
vt 0.937500 0.812500
vt 0.937500 0.375000
vt 0.937500 0.781250
vt 0.921875 0.281250
vt 0.921875 0.250000
vt 0.921875 0.687500
vt 0.921875 0.656250
vt 0.921875 0.218750
vt 0.921875 0.625000
vt 0.921875 0.187500
vt 0.921875 0.593750
vt 0.921875 0.156250
vt 0.921875 0.562500
vt 0.929688 1.000000
vt 0.921875 0.968750
vt 0.921875 0.125000
vt 0.921875 0.531250
vt 0.921875 0.937500
vt 0.921875 0.093750
vt 0.921875 0.500000
vt 0.921875 0.906250
vt 0.921875 0.062500
vt 0.921875 0.468750
vt 0.921875 0.875000
vt 0.921875 0.031250
vt 0.921875 0.437500
vt 0.921875 0.843750
vt 0.929688 0.000000
vt 0.921875 0.406250
vt 0.921875 0.812500
vt 0.921875 0.375000
vt 0.921875 0.781250
vt 0.921875 0.343750
vt 0.921875 0.750000
vt 0.921875 0.312500
vt 0.921875 0.718750
vt 0.906250 0.218750
vt 0.906250 0.187500
vt 0.906250 0.625000
vt 0.906250 0.593750
vt 0.906250 0.156250
vt 0.906250 0.562500
vt 0.914062 1.000000
vt 0.906250 0.968750
vt 0.906250 0.125000
vt 0.906250 0.531250
vt 0.906250 0.937500
vt 0.906250 0.093750
vt 0.906250 0.500000
vt 0.906250 0.906250
vt 0.906250 0.062500
vt 0.906250 0.468750
vt 0.906250 0.875000
vt 0.906250 0.031250
vt 0.906250 0.437500
vt 0.906250 0.843750
vt 0.914062 0.000000
vt 0.906250 0.406250
vt 0.906250 0.812500
vt 0.906250 0.375000
vt 0.906250 0.781250
vt 0.906250 0.343750
vt 0.906250 0.750000
vt 0.906250 0.312500
vt 0.906250 0.718750
vt 0.906250 0.281250
vt 0.906250 0.687500
vt 0.906250 0.250000
vt 0.906250 0.656250
vt 0.898438 1.000000
vt 0.890625 0.968750
vt 0.890625 0.156250
vt 0.890625 0.125000
vt 0.890625 0.562500
vt 0.890625 0.531250
vt 0.890625 0.937500
vt 0.890625 0.093750
vt 0.890625 0.500000
vt 0.890625 0.906250
vt 0.890625 0.062500
vt 0.890625 0.468750
vt 0.890625 0.875000
vt 0.890625 0.031250
vt 0.890625 0.437500
vt 0.890625 0.843750
vt 0.898438 0.000000
vt 0.890625 0.406250
vt 0.890625 0.812500
vt 0.890625 0.375000
vt 0.890625 0.781250
vt 0.890625 0.343750
vt 0.890625 0.750000
vt 0.890625 0.312500
vt 0.890625 0.718750
vt 0.890625 0.281250
vt 0.890625 0.687500
vt 0.890625 0.250000
vt 0.890625 0.656250
vt 0.890625 0.218750
vt 0.890625 0.625000
vt 0.890625 0.187500
vt 0.890625 0.593750
vt 0.875000 0.937500
vt 0.875000 0.906250
vt 0.875000 0.093750
vt 0.875000 0.062500
vt 0.875000 0.500000
vt 0.875000 0.468750
vt 0.875000 0.875000
vt 0.875000 0.031250
vt 0.875000 0.437500
vt 0.875000 0.843750
vt 0.882812 0.000000
vt 0.875000 0.406250
vt 0.875000 0.812500
vt 0.875000 0.375000
vt 0.875000 0.781250
vt 0.875000 0.343750
vt 0.875000 0.750000
vt 0.875000 0.312500
vt 0.875000 0.718750
vt 0.875000 0.281250
vt 0.875000 0.687500
vt 0.875000 0.250000
vt 0.875000 0.656250
vt 0.875000 0.218750
vt 0.875000 0.625000
vt 0.875000 0.187500
vt 0.875000 0.593750
vt 0.875000 0.156250
vt 0.875000 0.562500
vt 0.882812 1.000000
vt 0.875000 0.968750
vt 0.875000 0.125000
vt 0.875000 0.531250
vt 0.859375 0.875000
vt 0.859375 0.843750
vt 0.867188 0.000000
vt 0.859375 0.031250
vt 0.859375 0.437500
vt 0.859375 0.406250
vt 0.859375 0.812500
vt 0.859375 0.375000
vt 0.859375 0.781250
vt 0.859375 0.343750
vt 0.859375 0.750000
vt 0.859375 0.312500
vt 0.859375 0.718750
vt 0.859375 0.281250
vt 0.859375 0.687500
vt 0.859375 0.250000
vt 0.859375 0.656250
vt 0.859375 0.218750
vt 0.859375 0.625000
vt 0.859375 0.187500
vt 0.859375 0.593750
vt 0.859375 0.156250
vt 0.859375 0.562500
vt 0.867188 1.000000
vt 0.859375 0.968750
vt 0.859375 0.125000
vt 0.859375 0.531250
vt 0.859375 0.937500
vt 0.859375 0.093750
vt 0.859375 0.500000
vt 0.859375 0.906250
vt 0.859375 0.062500
vt 0.859375 0.468750
vt 0.843750 0.812500
vt 0.843750 0.781250
vt 0.843750 0.375000
vt 0.843750 0.343750
vt 0.843750 0.750000
vt 0.843750 0.312500
vt 0.843750 0.718750
vt 0.843750 0.281250
vt 0.843750 0.687500
vt 0.843750 0.250000
vt 0.843750 0.656250
vt 0.843750 0.218750
vt 0.843750 0.625000
vt 0.843750 0.187500
vt 0.843750 0.593750
vt 0.843750 0.156250
vt 0.843750 0.562500
vt 0.851562 1.000000
vt 0.843750 0.968750
vt 0.843750 0.125000
vt 0.843750 0.531250
vt 0.843750 0.937500
vt 0.843750 0.093750
vt 0.843750 0.500000
vt 0.843750 0.906250
vt 0.843750 0.062500
vt 0.843750 0.468750
vt 0.843750 0.875000
vt 0.843750 0.031250
vt 0.843750 0.437500
vt 0.843750 0.843750
vt 0.851562 0.000000
vt 0.843750 0.406250
vt 0.828125 0.750000
vt 0.828125 0.718750
vt 0.828125 0.312500
vt 0.828125 0.281250
vt 0.828125 0.687500
vt 0.828125 0.250000
vt 0.828125 0.656250
vt 0.828125 0.218750
vt 0.828125 0.625000
vt 0.828125 0.187500
vt 0.828125 0.593750
vt 0.828125 0.156250
vt 0.828125 0.562500
vt 0.835938 1.000000
vt 0.828125 0.968750
vt 0.828125 0.125000
vt 0.828125 0.531250
vt 0.828125 0.937500
vt 0.828125 0.093750
vt 0.828125 0.500000
vt 0.828125 0.906250
vt 0.828125 0.062500
vt 0.828125 0.468750
vt 0.828125 0.875000
vt 0.828125 0.031250
vt 0.828125 0.437500
vt 0.828125 0.843750
vt 0.835938 0.000000
vt 0.828125 0.406250
vt 0.828125 0.812500
vt 0.828125 0.375000
vt 0.828125 0.781250
vt 0.828125 0.343750
vt 0.812500 0.687500
vt 0.812500 0.656250
vt 0.812500 0.250000
vt 0.812500 0.218750
vt 0.812500 0.625000
vt 0.812500 0.187500
vt 0.812500 0.593750
vt 0.812500 0.156250
vt 0.812500 0.562500
vt 0.820312 1.000000
vt 0.812500 0.968750
vt 0.812500 0.125000
vt 0.812500 0.531250
vt 0.812500 0.937500
vt 0.812500 0.093750
vt 0.812500 0.500000
vt 0.812500 0.906250
vt 0.812500 0.062500
vt 0.812500 0.468750
vt 0.812500 0.875000
vt 0.812500 0.031250
vt 0.812500 0.437500
vt 0.812500 0.843750
vt 0.820312 0.000000
vt 0.812500 0.406250
vt 0.812500 0.812500
vt 0.812500 0.375000
vt 0.812500 0.781250
vt 0.812500 0.343750
vt 0.812500 0.750000
vt 0.812500 0.312500
vt 0.812500 0.718750
vt 0.812500 0.281250
vt 0.796875 0.625000
vt 0.796875 0.593750
vt 0.796875 0.187500
vt 0.796875 0.156250
vt 0.796875 0.562500
vt 0.804688 1.000000
vt 0.796875 0.968750
vt 0.796875 0.125000
vt 0.796875 0.531250
vt 0.796875 0.937500
vt 0.796875 0.093750
vt 0.796875 0.500000
vt 0.796875 0.906250
vt 0.796875 0.062500
vt 0.796875 0.468750
vt 0.796875 0.875000
vt 0.796875 0.031250
vt 0.796875 0.437500
vt 0.796875 0.843750
vt 0.804688 0.000000
vt 0.796875 0.406250
vt 0.796875 0.812500
vt 0.796875 0.375000
vt 0.796875 0.781250
vt 0.796875 0.343750
vt 0.796875 0.750000
vt 0.796875 0.312500
vt 0.796875 0.718750
vt 0.796875 0.281250
vt 0.796875 0.687500
vt 0.796875 0.250000
vt 0.796875 0.656250
vt 0.796875 0.218750
vt 0.781250 0.562500
vt 0.781250 0.531250
vt 0.781250 0.968750
vt 0.781250 0.937500
vt 0.781250 0.125000
vt 0.781250 0.093750
vt 0.781250 0.500000
vt 0.781250 0.906250
vt 0.781250 0.062500
vt 0.781250 0.468750
vt 0.781250 0.875000
vt 0.781250 0.031250
vt 0.781250 0.437500
vt 0.781250 0.843750
vt 0.789062 0.000000
vt 0.781250 0.406250
vt 0.781250 0.812500
vt 0.781250 0.375000
vt 0.781250 0.781250
vt 0.781250 0.343750
vt 0.781250 0.750000
vt 0.781250 0.312500
vt 0.781250 0.718750
vt 0.781250 0.281250
vt 0.781250 0.687500
vt 0.781250 0.250000
vt 0.781250 0.656250
vt 0.781250 0.218750
vt 0.781250 0.625000
vt 0.781250 0.187500
vt 0.781250 0.593750
vt 0.781250 0.156250
vt 0.789062 1.000000
vt 0.765625 0.500000
vt 0.765625 0.468750
vt 0.765625 0.906250
vt 0.765625 0.875000
vt 0.765625 0.062500
vt 0.765625 0.031250
vt 0.765625 0.437500
vt 0.765625 0.843750
vt 0.773438 0.000000
vt 0.765625 0.406250
vt 0.765625 0.812500
vt 0.765625 0.375000
vt 0.765625 0.781250
vt 0.765625 0.343750
vt 0.765625 0.750000
vt 0.765625 0.312500
vt 0.765625 0.718750
vt 0.765625 0.281250
vt 0.765625 0.687500
vt 0.765625 0.250000
vt 0.765625 0.656250
vt 0.765625 0.218750
vt 0.765625 0.625000
vt 0.765625 0.187500
vt 0.765625 0.593750
vt 0.765625 0.156250
vt 0.765625 0.562500
vt 0.773438 1.000000
vt 0.765625 0.968750
vt 0.765625 0.125000
vt 0.765625 0.531250
vt 0.765625 0.937500
vt 0.765625 0.093750
vt 0.757812 1.000000
vt 0.757812 0.000000
s 1
usemtl final.001
f 13/1/1 1983/2/2 40/3/3 41/4/4
f 1978/5/5 1977/6/6 27/7/7 28/8/8
f 14/9/9 13/1/1 41/4/4 42/10/10
f 6/11/11 1978/5/5 28/8/8 29/12/12
f 15/13/13 14/9/9 42/10/10 43/14/14
f 1979/15/15 6/11/11 29/12/12 30/16/16
f 1972/17/17 1196/18/18 17/19/19
f 1984/20/20 15/13/13 43/14/14 44/21/21
f 7/22/22 1979/15/15 30/16/16 31/23/23
f 1/24/24 1972/17/17 17/19/19 18/25/25
f 1985/26/26 1984/20/20 44/21/21 45/27/27
f 8/28/28 7/22/22 31/23/23 32/29/29
f 1973/30/30 1/24/24 18/25/25 19/31/31
f 16/32/32 1985/26/26 45/27/27 46/33/33
f 9/34/34 8/28/28 32/29/29 33/35/35
f 1974/36/36 1973/30/30 19/31/31 20/37/37
f 1986/38/38 16/32/32 46/33/33 47/39/39
f 10/40/40 9/34/34 33/35/35 34/41/41
f 2/42/42 1974/36/36 20/37/37 21/43/43
f 389/44/44 1986/38/38 47/39/39
f 1980/45/45 10/40/40 34/41/41 35/46/46
f 1975/47/47 2/42/42 21/43/43 22/48/48
f 11/49/49 1980/45/45 35/46/46 36/50/50
f 3/51/51 1975/47/47 22/48/48 23/52/52
f 1981/53/53 11/49/49 36/50/50 37/54/54
f 4/55/55 3/51/51 23/52/52 24/56/56
f 12/57/57 1981/53/53 37/54/54 38/58/58
f 1976/59/59 4/55/55 24/56/56 25/60/60
f 1982/61/61 12/57/57 38/58/58 39/62/62
f 5/63/63 1976/59/59 25/60/60 26/64/64
f 1983/2/2 1982/61/61 39/62/62 40/3/3
f 1977/6/6 5/63/63 26/64/64 27/7/7
f 36/50/50 35/46/46 66/65/65 67/66/66
f 23/52/52 22/48/48 53/67/67 54/68/68
f 37/54/54 36/50/50 67/66/66 68/69/69
f 24/56/56 23/52/52 54/68/68 55/70/70
f 38/58/58 37/54/54 68/69/69 69/71/71
f 25/60/60 24/56/56 55/70/70 56/72/72
f 39/62/62 38/58/58 69/71/71 70/73/73
f 26/64/64 25/60/60 56/72/72 57/74/74
f 40/3/3 39/62/62 70/73/73 71/75/75
f 27/7/7 26/64/64 57/74/74 58/76/76
f 41/4/4 40/3/3 71/75/75 72/77/77
f 28/8/8 27/7/7 58/76/76 59/78/78
f 42/10/10 41/4/4 72/77/77 73/79/79
f 29/12/12 28/8/8 59/78/78 60/80/80
f 43/14/14 42/10/10 73/79/79 74/81/81
f 30/16/16 29/12/12 60/80/80 61/82/82
f 17/19/19 1196/83/18 48/84/83
f 44/21/21 43/14/14 74/81/81 75/85/84
f 31/23/23 30/16/16 61/82/82 62/86/85
f 18/25/25 17/19/19 48/84/83 49/87/86
f 45/27/27 44/21/21 75/85/84 76/88/87
f 32/29/29 31/23/23 62/86/85 63/89/88
f 19/31/31 18/25/25 49/87/86 50/90/89
f 46/33/33 45/27/27 76/88/87 77/91/90
f 33/35/35 32/29/29 63/89/88 64/92/91
f 20/37/37 19/31/31 50/90/89 51/93/92
f 47/39/39 46/33/33 77/91/90 78/94/93
f 34/41/41 33/35/35 64/92/91 65/95/94
f 21/43/43 20/37/37 51/93/92 52/96/95
f 389/97/44 47/39/39 78/94/93
f 35/46/46 34/41/41 65/95/94 66/65/65
f 22/48/48 21/43/43 52/96/95 53/67/67
f 69/71/71 68/69/69 99/98/96 100/99/97
f 56/72/72 55/70/70 86/100/98 87/101/99
f 70/73/73 69/71/71 100/99/97 101/102/100
f 57/74/74 56/72/72 87/101/99 88/103/101
f 71/75/75 70/73/73 101/102/100 102/104/102
f 58/76/76 57/74/74 88/103/101 89/105/103
f 72/77/77 71/75/75 102/104/102 103/106/104
f 59/78/78 58/76/76 89/105/103 90/107/105
f 73/79/79 72/77/77 103/106/104 104/108/106
f 60/80/80 59/78/78 90/107/105 91/109/107
f 74/81/81 73/79/79 104/108/106 105/110/108
f 61/82/82 60/80/80 91/109/107 92/111/109
f 48/84/83 1196/112/18 79/113/110
f 75/85/84 74/81/81 105/110/108 106/114/111
f 62/86/85 61/82/82 92/111/109 93/115/112
f 49/87/86 48/84/83 79/113/110 80/116/113
f 76/88/87 75/85/84 106/114/111 107/117/114
f 63/89/88 62/86/85 93/115/112 94/118/115
f 50/90/89 49/87/86 80/116/113 81/119/116
f 77/91/90 76/88/87 107/117/114 108/120/117
f 64/92/91 63/89/88 94/118/115 95/121/118
f 51/93/92 50/90/89 81/119/116 82/122/119
f 78/94/93 77/91/90 108/120/117 109/123/120
f 65/95/94 64/92/91 95/121/118 96/124/121
f 52/96/95 51/93/92 82/122/119 83/125/122
f 389/126/44 78/94/93 109/123/120
f 66/65/65 65/95/94 96/124/121 97/127/123
f 53/67/67 52/96/95 83/125/122 84/128/124
f 67/66/66 66/65/65 97/127/123 98/129/125
f 54/68/68 53/67/67 84/128/124 85/130/126
f 68/69/69 67/66/66 98/129/125 99/98/96
f 55/70/70 54/68/68 85/130/126 86/100/98
f 102/104/102 101/102/100 132/131/127 133/132/128
f 89/105/103 88/103/101 119/133/129 120/134/130
f 103/106/104 102/104/102 133/132/128 134/135/131
f 90/107/105 89/105/103 120/134/130 121/136/132
f 104/108/106 103/106/104 134/135/131 135/137/133
f 91/109/107 90/107/105 121/136/132 122/138/134
f 105/110/108 104/108/106 135/137/133 136/139/135
f 92/111/109 91/109/107 122/138/134 123/140/136
f 79/113/110 1196/141/18 110/142/137
f 106/114/111 105/110/108 136/139/135 137/143/138
f 93/115/112 92/111/109 123/140/136 124/144/139
f 80/116/113 79/113/110 110/142/137 111/145/140
f 107/117/114 106/114/111 137/143/138 138/146/141
f 94/118/115 93/115/112 124/144/139 125/147/142
f 81/119/116 80/116/113 111/145/140 112/148/143
f 108/120/117 107/117/114 138/146/141 139/149/144
f 95/121/118 94/118/115 125/147/142 126/150/145
f 82/122/119 81/119/116 112/148/143 113/151/146
f 109/123/120 108/120/117 139/149/144 140/152/147
f 96/124/121 95/121/118 126/150/145 127/153/148
f 83/125/122 82/122/119 113/151/146 114/154/149
f 389/155/44 109/123/120 140/152/147
f 97/127/123 96/124/121 127/153/148 128/156/150
f 84/128/124 83/125/122 114/154/149 115/157/151
f 98/129/125 97/127/123 128/156/150 129/158/152
f 85/130/126 84/128/124 115/157/151 116/159/153
f 99/98/96 98/129/125 129/158/152 130/160/154
f 86/100/98 85/130/126 116/159/153 117/161/155
f 100/99/97 99/98/96 130/160/154 131/162/156
f 87/101/99 86/100/98 117/161/155 118/163/157
f 101/102/100 100/99/97 131/162/156 132/131/127
f 88/103/101 87/101/99 118/163/157 119/133/129
f 135/137/133 134/135/131 165/164/158 166/165/159
f 122/138/134 121/136/132 152/166/160 153/167/161
f 136/139/135 135/137/133 166/165/159 167/168/162
f 123/140/136 122/138/134 153/167/161 154/169/163
f 110/142/137 1196/170/18 141/171/164
f 137/143/138 136/139/135 167/168/162 168/172/165
f 124/144/139 123/140/136 154/169/163 155/173/166
f 111/145/140 110/142/137 141/171/164 142/174/167
f 138/146/141 137/143/138 168/172/165 169/175/168
f 125/147/142 124/144/139 155/173/166 156/176/169
f 112/148/143 111/145/140 142/174/167 143/177/170
f 139/149/144 138/146/141 169/175/168 170/178/171
f 126/150/145 125/147/142 156/176/169 157/179/172
f 113/151/146 112/148/143 143/177/170 144/180/173
f 140/152/147 139/149/144 170/178/171 171/181/174
f 127/153/148 126/150/145 157/179/172 158/182/175
f 114/154/149 113/151/146 144/180/173 145/183/176
f 389/184/44 140/152/147 171/181/174
f 128/156/150 127/153/148 158/182/175 159/185/177
f 115/157/151 114/154/149 145/183/176 146/186/178
f 129/158/152 128/156/150 159/185/177 160/187/179
f 116/159/153 115/157/151 146/186/178 147/188/180
f 130/160/154 129/158/152 160/187/179 161/189/181
f 117/161/155 116/159/153 147/188/180 148/190/182
f 131/162/156 130/160/154 161/189/181 162/191/183
f 118/163/157 117/161/155 148/190/182 149/192/184
f 132/131/127 131/162/156 162/191/183 163/193/185
f 119/133/129 118/163/157 149/192/184 150/194/186
f 133/132/128 132/131/127 163/193/185 164/195/187
f 120/134/130 119/133/129 150/194/186 151/196/188
f 134/135/131 133/132/128 164/195/187 165/164/158
f 121/136/132 120/134/130 151/196/188 152/166/160
f 141/171/164 1196/197/18 172/198/189
f 168/172/165 167/168/162 198/199/190 199/200/191
f 155/173/166 154/169/163 185/201/192 186/202/193
f 142/174/167 141/171/164 172/198/189 173/203/194
f 169/175/168 168/172/165 199/200/191 200/204/195
f 156/176/169 155/173/166 186/202/193 187/205/196
f 143/177/170 142/174/167 173/203/194 174/206/197
f 170/178/171 169/175/168 200/204/195 201/207/198
f 157/179/172 156/176/169 187/205/196 188/208/199
f 144/180/173 143/177/170 174/206/197 175/209/200
f 171/181/174 170/178/171 201/207/198 202/210/201
f 158/182/175 157/179/172 188/208/199 189/211/202
f 145/183/176 144/180/173 175/209/200 176/212/203
f 389/213/44 171/181/174 202/210/201
f 159/185/177 158/182/175 189/211/202 190/214/204
f 146/186/178 145/183/176 176/212/203 177/215/205
f 160/187/179 159/185/177 190/214/204 191/216/206
f 147/188/180 146/186/178 177/215/205 178/217/207
f 161/189/181 160/187/179 191/216/206 192/218/208
f 148/190/182 147/188/180 178/217/207 179/219/209
f 162/191/183 161/189/181 192/218/208 193/220/210
f 149/192/184 148/190/182 179/219/209 180/221/211
f 163/193/185 162/191/183 193/220/210 194/222/212
f 150/194/186 149/192/184 180/221/211 181/223/213
f 164/195/187 163/193/185 194/222/212 195/224/214
f 151/196/188 150/194/186 181/223/213 182/225/215
f 165/164/158 164/195/187 195/224/214 196/226/216
f 152/166/160 151/196/188 182/225/215 183/227/217
f 166/165/159 165/164/158 196/226/216 197/228/218
f 153/167/161 152/166/160 183/227/217 184/229/219
f 167/168/162 166/165/159 197/228/218 198/199/190
f 154/169/163 153/167/161 184/229/219 185/201/192
f 174/206/197 173/203/194 204/230/220 205/231/221
f 201/207/198 200/204/195 231/232/222 232/233/223
f 188/208/199 187/205/196 218/234/224 219/235/225
f 175/209/200 174/206/197 205/231/221 206/236/226
f 202/210/201 201/207/198 232/233/223 233/237/227
f 189/211/202 188/208/199 219/235/225 220/238/228
f 176/212/203 175/209/200 206/236/226 207/239/229
f 389/240/44 202/210/201 233/237/227
f 190/214/204 189/211/202 220/238/228 221/241/230
f 177/215/205 176/212/203 207/239/229 208/242/231
f 191/216/206 190/214/204 221/241/230 222/243/232
f 178/217/207 177/215/205 208/242/231 209/244/233
f 192/218/208 191/216/206 222/243/232 223/245/234
f 179/219/209 178/217/207 209/244/233 210/246/235
f 193/220/210 192/218/208 223/245/234 224/247/236
f 180/221/211 179/219/209 210/246/235 211/248/237
f 194/222/212 193/220/210 224/247/236 225/249/238
f 181/223/213 180/221/211 211/248/237 212/250/239
f 195/224/214 194/222/212 225/249/238 226/251/240
f 182/225/215 181/223/213 212/250/239 213/252/241
f 196/226/216 195/224/214 226/251/240 227/253/242
f 183/227/217 182/225/215 213/252/241 214/254/243
f 197/228/218 196/226/216 227/253/242 228/255/244
f 184/229/219 183/227/217 214/254/243 215/256/245
f 198/199/190 197/228/218 228/255/244 229/257/246
f 185/201/192 184/229/219 215/256/245 216/258/247
f 172/198/189 1196/259/18 203/260/248
f 199/200/191 198/199/190 229/257/246 230/261/249
f 186/202/193 185/201/192 216/258/247 217/262/250
f 173/203/194 172/198/189 203/260/248 204/230/220
f 200/204/195 199/200/191 230/261/249 231/232/222
f 187/205/196 186/202/193 217/262/250 218/234/224
f 207/239/229 206/236/226 237/263/251 238/264/252
f 389/265/44 233/237/227 264/266/253
f 221/241/230 220/238/228 251/267/254 252/268/255
f 208/242/231 207/239/229 238/264/252 239/269/256
f 222/243/232 221/241/230 252/268/255 253/270/257
f 209/244/233 208/242/231 239/269/256 240/271/258
f 223/245/234 222/243/232 253/270/257 254/272/259
f 210/246/235 209/244/233 240/271/258 241/273/260
f 224/247/236 223/245/234 254/272/259 255/274/261
f 211/248/237 210/246/235 241/273/260 242/275/262
f 225/249/238 224/247/236 255/274/261 256/276/263
f 212/250/239 211/248/237 242/275/262 243/277/264
f 226/251/240 225/249/238 256/276/263 257/278/265
f 213/252/241 212/250/239 243/277/264 244/279/266
f 227/253/242 226/251/240 257/278/265 258/280/267
f 214/254/243 213/252/241 244/279/266 245/281/268
f 228/255/244 227/253/242 258/280/267 259/282/269
f 215/256/245 214/254/243 245/281/268 246/283/270
f 229/257/246 228/255/244 259/282/269 260/284/271
f 216/258/247 215/256/245 246/283/270 247/285/272
f 203/260/248 1196/286/18 234/287/273
f 230/261/249 229/257/246 260/284/271 261/288/274
f 217/262/250 216/258/247 247/285/272 248/289/275
f 204/230/220 203/260/248 234/287/273 235/290/276
f 231/232/222 230/261/249 261/288/274 262/291/277
f 218/234/224 217/262/250 248/289/275 249/292/278
f 205/231/221 204/230/220 235/290/276 236/293/279
f 232/233/223 231/232/222 262/291/277 263/294/280
f 219/235/225 218/234/224 249/292/278 250/295/281
f 206/236/226 205/231/221 236/293/279 237/263/251
f 233/237/227 232/233/223 263/294/280 264/266/253
f 220/238/228 219/235/225 250/295/281 251/267/254
f 240/271/258 239/269/256 270/296/282 271/297/283
f 254/272/259 253/270/257 284/298/284 285/299/285
f 241/273/260 240/271/258 271/297/283 272/300/286
f 255/274/261 254/272/259 285/299/285 286/301/287
f 242/275/262 241/273/260 272/300/286 273/302/288
f 256/276/263 255/274/261 286/301/287 287/303/289
f 243/277/264 242/275/262 273/302/288 274/304/290
f 257/278/265 256/276/263 287/303/289 288/305/291
f 244/279/266 243/277/264 274/304/290 275/306/292
f 258/280/267 257/278/265 288/305/291 289/307/293
f 245/281/268 244/279/266 275/306/292 276/308/294
f 259/282/269 258/280/267 289/307/293 290/309/295
f 246/283/270 245/281/268 276/308/294 277/310/296
f 260/284/271 259/282/269 290/309/295 291/311/297
f 247/285/272 246/283/270 277/310/296 278/312/298
f 234/287/273 1196/313/18 265/314/299
f 261/288/274 260/284/271 291/311/297 292/315/300
f 248/289/275 247/285/272 278/312/298 279/316/301
f 235/290/276 234/287/273 265/314/299 266/317/302
f 262/291/277 261/288/274 292/315/300 293/318/303
f 249/292/278 248/289/275 279/316/301 280/319/304
f 236/293/279 235/290/276 266/317/302 267/320/305
f 263/294/280 262/291/277 293/318/303 294/321/306
f 250/295/281 249/292/278 280/319/304 281/322/307
f 237/263/251 236/293/279 267/320/305 268/323/308
f 264/266/253 263/294/280 294/321/306 295/324/309
f 251/267/254 250/295/281 281/322/307 282/325/310
f 238/264/252 237/263/251 268/323/308 269/326/311
f 389/327/44 264/266/253 295/324/309
f 252/268/255 251/267/254 282/325/310 283/328/312
f 239/269/256 238/264/252 269/326/311 270/296/282
f 253/270/257 252/268/255 283/328/312 284/298/284
f 273/302/288 272/300/286 303/329/313 304/330/314
f 287/303/289 286/301/287 317/331/315 318/332/316
f 274/304/290 273/302/288 304/330/314 305/333/317
f 288/305/291 287/303/289 318/332/316 319/334/318
f 275/306/292 274/304/290 305/333/317 306/335/319
f 289/307/293 288/305/291 319/334/318 320/336/320
f 276/308/294 275/306/292 306/335/319 307/337/321
f 290/309/295 289/307/293 320/336/320 321/338/322
f 277/310/296 276/308/294 307/337/321 308/339/323
f 291/311/297 290/309/295 321/338/322 322/340/324
f 278/312/298 277/310/296 308/339/323 309/341/325
f 265/314/299 1196/342/18 296/343/326
f 292/315/300 291/311/297 322/340/324 323/344/327
f 279/316/301 278/312/298 309/341/325 310/345/328
f 266/317/302 265/314/299 296/343/326 297/346/329
f 293/318/303 292/315/300 323/344/327 324/347/330
f 280/319/304 279/316/301 310/345/328 311/348/331
f 267/320/305 266/317/302 297/346/329 298/349/332
f 294/321/306 293/318/303 324/347/330 325/350/333
f 281/322/307 280/319/304 311/348/331 312/351/334
f 268/323/308 267/320/305 298/349/332 299/352/335
f 295/324/309 294/321/306 325/350/333 326/353/336
f 282/325/310 281/322/307 312/351/334 313/354/337
f 269/326/311 268/323/308 299/352/335 300/355/338
f 389/356/44 295/324/309 326/353/336
f 283/328/312 282/325/310 313/354/337 314/357/339
f 270/296/282 269/326/311 300/355/338 301/358/340
f 284/298/284 283/328/312 314/357/339 315/359/341
f 271/297/283 270/296/282 301/358/340 302/360/342
f 285/299/285 284/298/284 315/359/341 316/361/343
f 272/300/286 271/297/283 302/360/342 303/329/313
f 286/301/287 285/299/285 316/361/343 317/331/315
f 306/335/319 305/333/317 336/362/344 337/363/345
f 320/336/320 319/334/318 350/364/346 351/365/347
f 307/337/321 306/335/319 337/363/345 338/366/348
f 321/338/322 320/336/320 351/365/347 352/367/349
f 308/339/323 307/337/321 338/366/348 339/368/350
f 322/340/324 321/338/322 352/367/349 353/369/351
f 309/341/325 308/339/323 339/368/350 340/370/352
f 296/343/326 1196/371/18 327/372/353
f 323/344/327 322/340/324 353/369/351 354/373/354
f 310/345/328 309/341/325 340/370/352 341/374/355
f 297/346/329 296/343/326 327/372/353 328/375/356
f 324/347/330 323/344/327 354/373/354 355/376/357
f 311/348/331 310/345/328 341/374/355 342/377/358
f 298/349/332 297/346/329 328/375/356 329/378/359
f 325/350/333 324/347/330 355/376/357 356/379/360
f 312/351/334 311/348/331 342/377/358 343/380/361
f 299/352/335 298/349/332 329/378/359 330/381/362
f 326/353/336 325/350/333 356/379/360 357/382/363
f 313/354/337 312/351/334 343/380/361 344/383/364
f 300/355/338 299/352/335 330/381/362 331/384/365
f 389/385/44 326/353/336 357/382/363
f 314/357/339 313/354/337 344/383/364 345/386/366
f 301/358/340 300/355/338 331/384/365 332/387/367
f 315/359/341 314/357/339 345/386/366 346/388/368
f 302/360/342 301/358/340 332/387/367 333/389/369
f 316/361/343 315/359/341 346/388/368 347/390/370
f 303/329/313 302/360/342 333/389/369 334/391/371
f 317/331/315 316/361/343 347/390/370 348/392/372
f 304/330/314 303/329/313 334/391/371 335/393/373
f 318/332/316 317/331/315 348/392/372 349/394/374
f 305/333/317 304/330/314 335/393/373 336/362/344
f 319/334/318 318/332/316 349/394/374 350/364/346
f 339/368/350 338/366/348 369/395/375 370/396/376
f 353/369/351 352/367/349 383/397/377 384/398/378
f 340/370/352 339/368/350 370/396/376 371/399/379
f 327/372/353 1196/400/18 358/401/380
f 354/373/354 353/369/351 384/398/378 385/402/381
f 341/374/355 340/370/352 371/399/379 372/403/382
f 328/375/356 327/372/353 358/401/380 359/404/383
f 355/376/357 354/373/354 385/402/381 386/405/384
f 342/377/358 341/374/355 372/403/382 373/406/385
f 329/378/359 328/375/356 359/404/383 360/407/386
f 356/379/360 355/376/357 386/405/384 387/408/387
f 343/380/361 342/377/358 373/406/385 374/409/388
f 330/381/362 329/378/359 360/407/386 361/410/389
f 357/382/363 356/379/360 387/408/387 388/411/390
f 344/383/364 343/380/361 374/409/388 375/412/391
f 331/384/365 330/381/362 361/410/389 362/413/392
f 389/414/44 357/382/363 388/411/390
f 345/386/366 344/383/364 375/412/391 376/415/393
f 332/387/367 331/384/365 362/413/392 363/416/394
f 346/388/368 345/386/366 376/415/393 377/417/395
f 333/389/369 332/387/367 363/416/394 364/418/396
f 347/390/370 346/388/368 377/417/395 378/419/397
f 334/391/371 333/389/369 364/418/396 365/420/398
f 348/392/372 347/390/370 378/419/397 379/421/399
f 335/393/373 334/391/371 365/420/398 366/422/400
f 349/394/374 348/392/372 379/421/399 380/423/401
f 336/362/344 335/393/373 366/422/400 367/424/402
f 350/364/346 349/394/374 380/423/401 381/425/403
f 337/363/345 336/362/344 367/424/402 368/426/404
f 351/365/347 350/364/346 381/425/403 382/427/405
f 338/366/348 337/363/345 368/426/404 369/395/375
f 352/367/349 351/365/347 382/427/405 383/397/377
f 372/403/382 371/399/379 403/428/406 404/429/407
f 359/404/383 358/401/380 390/430/408 391/431/409
f 386/405/384 385/402/381 417/432/410 418/433/411
f 373/406/385 372/403/382 404/429/407 405/434/412
f 360/407/386 359/404/383 391/431/409 392/435/413
f 387/408/387 386/405/384 418/433/411 419/436/414
f 374/409/388 373/406/385 405/434/412 406/437/415
f 361/410/389 360/407/386 392/435/413 393/438/416
f 388/411/390 387/408/387 419/436/414 420/439/417
f 375/412/391 374/409/388 406/437/415 407/440/418
f 362/413/392 361/410/389 393/438/416 394/441/419
f 389/442/44 388/411/390 420/439/417
f 376/415/393 375/412/391 407/440/418 408/443/420
f 363/416/394 362/413/392 394/441/419 395/444/421
f 377/417/395 376/415/393 408/443/420 409/445/422
f 364/418/396 363/416/394 395/444/421 396/446/423
f 378/419/397 377/417/395 409/445/422 410/447/424
f 365/420/398 364/418/396 396/446/423 397/448/425
f 379/421/399 378/419/397 410/447/424 411/449/426
f 366/422/400 365/420/398 397/448/425 398/450/427
f 380/423/401 379/421/399 411/449/426 412/451/428
f 367/424/402 366/422/400 398/450/427 399/452/429
f 381/425/403 380/423/401 412/451/428 413/453/430
f 368/426/404 367/424/402 399/452/429 400/454/431
f 382/427/405 381/425/403 413/453/430 414/455/432
f 369/395/375 368/426/404 400/454/431 401/456/433
f 383/397/377 382/427/405 414/455/432 415/457/434
f 370/396/376 369/395/375 401/456/433 402/458/435
f 384/398/378 383/397/377 415/457/434 416/459/436
f 371/399/379 370/396/376 402/458/435 403/428/406
f 358/401/380 1196/460/18 390/430/408
f 385/402/381 384/398/378 416/459/436 417/432/410
f 406/437/415 405/434/412 436/461/437 437/462/438
f 393/438/416 392/435/413 423/463/439 424/464/440
f 420/439/417 419/436/414 450/465/441 451/466/442
f 407/440/418 406/437/415 437/462/438 438/467/443
f 394/441/419 393/438/416 424/464/440 425/468/444
f 389/469/44 420/439/417 451/466/442
f 408/443/420 407/440/418 438/467/443 439/470/445
f 395/444/421 394/441/419 425/468/444 426/471/446
f 409/445/422 408/443/420 439/470/445 440/472/447
f 396/446/423 395/444/421 426/471/446 427/473/448
f 410/447/424 409/445/422 440/472/447 441/474/449
f 397/448/425 396/446/423 427/473/448 428/475/450
f 411/449/426 410/447/424 441/474/449 442/476/451
f 398/450/427 397/448/425 428/475/450 429/477/452
f 412/451/428 411/449/426 442/476/451 443/478/453
f 399/452/429 398/450/427 429/477/452 430/479/454
f 413/453/430 412/451/428 443/478/453 444/480/455
f 400/454/431 399/452/429 430/479/454 431/481/456
f 414/455/432 413/453/430 444/480/455 445/482/457
f 401/456/433 400/454/431 431/481/456 432/483/458
f 415/457/434 414/455/432 445/482/457 446/484/459
f 402/458/435 401/456/433 432/483/458 433/485/460
f 416/459/436 415/457/434 446/484/459 447/486/461
f 403/428/406 402/458/435 433/485/460 434/487/462
f 390/430/408 1196/488/18 421/489/463
f 417/432/410 416/459/436 447/486/461 448/490/464
f 404/429/407 403/428/406 434/487/462 435/491/465
f 391/431/409 390/430/408 421/489/463 422/492/466
f 418/433/411 417/432/410 448/490/464 449/493/467
f 405/434/412 404/429/407 435/491/465 436/461/437
f 392/435/413 391/431/409 422/492/466 423/463/439
f 419/436/414 418/433/411 449/493/467 450/465/441
f 439/470/445 438/467/443 469/494/468 470/495/469
f 426/471/446 425/468/444 456/496/470 457/497/471
f 440/472/447 439/470/445 470/495/469 471/498/472
f 427/473/448 426/471/446 457/497/471 458/499/473
f 441/474/449 440/472/447 471/498/472 472/500/474
f 428/475/450 427/473/448 458/499/473 459/501/475
f 442/476/451 441/474/449 472/500/474 473/502/476
f 429/477/452 428/475/450 459/501/475 460/503/477
f 443/478/453 442/476/451 473/502/476 474/504/478
f 430/479/454 429/477/452 460/503/477 461/505/479
f 444/480/455 443/478/453 474/504/478 475/506/480
f 431/481/456 430/479/454 461/505/479 462/507/481
f 445/482/457 444/480/455 475/506/480 476/508/482
f 432/483/458 431/481/456 462/507/481 463/509/483
f 446/484/459 445/482/457 476/508/482 477/510/484
f 433/485/460 432/483/458 463/509/483 464/511/485
f 447/486/461 446/484/459 477/510/484 478/512/486
f 434/487/462 433/485/460 464/511/485 465/513/487
f 421/489/463 1196/514/18 452/515/488
f 448/490/464 447/486/461 478/512/486 479/516/489
f 435/491/465 434/487/462 465/513/487 466/517/490
f 422/492/466 421/489/463 452/515/488 453/518/491
f 449/493/467 448/490/464 479/516/489 480/519/492
f 436/461/437 435/491/465 466/517/490 467/520/493
f 423/463/439 422/492/466 453/518/491 454/521/494
f 450/465/441 449/493/467 480/519/492 481/522/495
f 437/462/438 436/461/437 467/520/493 468/523/496
f 424/464/440 423/463/439 454/521/494 455/524/497
f 451/466/442 450/465/441 481/522/495 482/525/498
f 438/467/443 437/462/438 468/523/496 469/494/468
f 425/468/444 424/464/440 455/524/497 456/496/470
f 389/526/44 451/466/442 482/525/498
f 472/500/474 471/498/472 502/527/499 503/528/500
f 459/501/475 458/499/473 489/529/501 490/530/502
f 473/502/476 472/500/474 503/528/500 504/531/503
f 460/503/477 459/501/475 490/530/502 491/532/504
f 474/504/478 473/502/476 504/531/503 505/533/505
f 461/505/479 460/503/477 491/532/504 492/534/506
f 475/506/480 474/504/478 505/533/505 506/535/507
f 462/507/481 461/505/479 492/534/506 493/536/508
f 476/508/482 475/506/480 506/535/507 507/537/509
f 463/509/483 462/507/481 493/536/508 494/538/510
f 477/510/484 476/508/482 507/537/509 508/539/511
f 464/511/485 463/509/483 494/538/510 495/540/512
f 478/512/486 477/510/484 508/539/511 509/541/513
f 465/513/487 464/511/485 495/540/512 496/542/514
f 452/515/488 1196/543/18 483/544/515
f 479/516/489 478/512/486 509/541/513 510/545/516
f 466/517/490 465/513/487 496/542/514 497/546/517
f 453/518/491 452/515/488 483/544/515 484/547/518
f 480/519/492 479/516/489 510/545/516 511/548/519
f 467/520/493 466/517/490 497/546/517 498/549/520
f 454/521/494 453/518/491 484/547/518 485/550/521
f 481/522/495 480/519/492 511/548/519 512/551/522
f 468/523/496 467/520/493 498/549/520 499/552/523
f 455/524/497 454/521/494 485/550/521 486/553/524
f 482/525/498 481/522/495 512/551/522 513/554/525
f 469/494/468 468/523/496 499/552/523 500/555/526
f 456/496/470 455/524/497 486/553/524 487/556/527
f 389/557/44 482/525/498 513/554/525
f 470/495/469 469/494/468 500/555/526 501/558/528
f 457/497/471 456/496/470 487/556/527 488/559/529
f 471/498/472 470/495/469 501/558/528 502/527/499
f 458/499/473 457/497/471 488/559/529 489/529/501
f 505/533/505 504/531/503 535/560/530 536/561/531
f 492/534/506 491/532/504 522/562/532 523/563/533
f 506/535/507 505/533/505 536/561/531 537/564/534
f 493/536/508 492/534/506 523/563/533 524/565/535
f 507/537/509 506/535/507 537/564/534 538/566/536
f 494/538/510 493/536/508 524/565/535 525/567/537
f 508/539/511 507/537/509 538/566/536 539/568/538
f 495/540/512 494/538/510 525/567/537 526/569/539
f 509/541/513 508/539/511 539/568/538 540/570/540
f 496/542/514 495/540/512 526/569/539 527/571/541
f 483/544/515 1196/572/18 514/573/542
f 510/545/516 509/541/513 540/570/540 541/574/543
f 497/546/517 496/542/514 527/571/541 528/575/544
f 484/547/518 483/544/515 514/573/542 515/576/545
f 511/548/519 510/545/516 541/574/543 542/577/546
f 498/549/520 497/546/517 528/575/544 529/578/547
f 485/550/521 484/547/518 515/576/545 516/579/548
f 512/551/522 511/548/519 542/577/546 543/580/549
f 499/552/523 498/549/520 529/578/547 530/581/550
f 486/553/524 485/550/521 516/579/548 517/582/551
f 513/554/525 512/551/522 543/580/549 544/583/552
f 500/555/526 499/552/523 530/581/550 531/584/553
f 487/556/527 486/553/524 517/582/551 518/585/554
f 389/586/44 513/554/525 544/583/552
f 501/558/528 500/555/526 531/584/553 532/587/555
f 488/559/529 487/556/527 518/585/554 519/588/556
f 502/527/499 501/558/528 532/587/555 533/589/557
f 489/529/501 488/559/529 519/588/556 520/590/558
f 503/528/500 502/527/499 533/589/557 534/591/559
f 490/530/502 489/529/501 520/590/558 521/592/560
f 504/531/503 503/528/500 534/591/559 535/560/530
f 491/532/504 490/530/502 521/592/560 522/562/532
f 538/566/536 537/564/534 568/593/561 569/594/562
f 525/567/537 524/565/535 555/595/563 556/596/564
f 539/568/538 538/566/536 569/594/562 570/597/565
f 526/569/539 525/567/537 556/596/564 557/598/566
f 540/570/540 539/568/538 570/597/565 571/599/567
f 527/571/541 526/569/539 557/598/566 558/600/568
f 514/573/542 1196/601/18 545/602/569
f 541/574/543 540/570/540 571/599/567 572/603/570
f 528/575/544 527/571/541 558/600/568 559/604/571
f 515/576/545 514/573/542 545/602/569 546/605/572
f 542/577/546 541/574/543 572/603/570 573/606/573
f 529/578/547 528/575/544 559/604/571 560/607/574
f 516/579/548 515/576/545 546/605/572 547/608/575
f 543/580/549 542/577/546 573/606/573 574/609/576
f 530/581/550 529/578/547 560/607/574 561/610/577
f 517/582/551 516/579/548 547/608/575 548/611/578
f 544/583/552 543/580/549 574/609/576 575/612/579
f 531/584/553 530/581/550 561/610/577 562/613/580
f 518/585/554 517/582/551 548/611/578 549/614/581
f 389/615/44 544/583/552 575/612/579
f 532/587/555 531/584/553 562/613/580 563/616/582
f 519/588/556 518/585/554 549/614/581 550/617/583
f 533/589/557 532/587/555 563/616/582 564/618/584
f 520/590/558 519/588/556 550/617/583 551/619/585
f 534/591/559 533/589/557 564/618/584 565/620/586
f 521/592/560 520/590/558 551/619/585 552/621/587
f 535/560/530 534/591/559 565/620/586 566/622/588
f 522/562/532 521/592/560 552/621/587 553/623/589
f 536/561/531 535/560/530 566/622/588 567/624/590
f 523/563/533 522/562/532 553/623/589 554/625/591
f 537/564/534 536/561/531 567/624/590 568/593/561
f 524/565/535 523/563/533 554/625/591 555/595/563
f 571/599/567 570/597/565 601/626/592 602/627/593
f 558/600/568 557/598/566 588/628/594 589/629/595
f 545/602/569 1196/630/18 576/631/596
f 572/603/570 571/599/567 602/627/593 603/632/597
f 559/604/571 558/600/568 589/629/595 590/633/598
f 546/605/572 545/602/569 576/631/596 577/634/599
f 573/606/573 572/603/570 603/632/597 604/635/600
f 560/607/574 559/604/571 590/633/598 591/636/601
f 547/608/575 546/605/572 577/634/599 578/637/602
f 574/609/576 573/606/573 604/635/600 605/638/603
f 561/610/577 560/607/574 591/636/601 592/639/604
f 548/611/578 547/608/575 578/637/602 579/640/605
f 575/612/579 574/609/576 605/638/603 606/641/606
f 562/613/580 561/610/577 592/639/604 593/642/607
f 549/614/581 548/611/578 579/640/605 580/643/608
f 389/644/44 575/612/579 606/641/606
f 563/616/582 562/613/580 593/642/607 594/645/609
f 550/617/583 549/614/581 580/643/608 581/646/610
f 564/618/584 563/616/582 594/645/609 595/647/611
f 551/619/585 550/617/583 581/646/610 582/648/612
f 565/620/586 564/618/584 595/647/611 596/649/613
f 552/621/587 551/619/585 582/648/612 583/650/614
f 566/622/588 565/620/586 596/649/613 597/651/615
f 553/623/589 552/621/587 583/650/614 584/652/616
f 567/624/590 566/622/588 597/651/615 598/653/617
f 554/625/591 553/623/589 584/652/616 585/654/618
f 568/593/561 567/624/590 598/653/617 599/655/619
f 555/595/563 554/625/591 585/654/618 586/656/620
f 569/594/562 568/593/561 599/655/619 600/657/621
f 556/596/564 555/595/563 586/656/620 587/658/622
f 570/597/565 569/594/562 600/657/621 601/626/592
f 557/598/566 556/596/564 587/658/622 588/628/594
f 577/634/599 576/631/596 607/659/623 608/660/624
f 604/635/600 603/632/597 634/661/625 635/662/626
f 591/636/601 590/633/598 621/663/627 622/664/628
f 578/637/602 577/634/599 608/660/624 609/665/629
f 605/638/603 604/635/600 635/662/626 636/666/630
f 592/639/604 591/636/601 622/664/628 623/667/631
f 579/640/605 578/637/602 609/665/629 610/668/632
f 606/641/606 605/638/603 636/666/630 637/669/633
f 593/642/607 592/639/604 623/667/631 624/670/634
f 580/643/608 579/640/605 610/668/632 611/671/635
f 389/672/44 606/641/606 637/669/633
f 594/645/609 593/642/607 624/670/634 625/673/636
f 581/646/610 580/643/608 611/671/635 612/674/637
f 595/647/611 594/645/609 625/673/636 626/675/638
f 582/648/612 581/646/610 612/674/637 613/676/639
f 596/649/613 595/647/611 626/675/638 627/677/640
f 583/650/614 582/648/612 613/676/639 614/678/641
f 597/651/615 596/649/613 627/677/640 628/679/642
f 584/652/616 583/650/614 614/678/641 615/680/643
f 598/653/617 597/651/615 628/679/642 629/681/644
f 585/654/618 584/652/616 615/680/643 616/682/645
f 599/655/619 598/653/617 629/681/644 630/683/646
f 586/656/620 585/654/618 616/682/645 617/684/647
f 600/657/621 599/655/619 630/683/646 631/685/648
f 587/658/622 586/656/620 617/684/647 618/686/649
f 601/626/592 600/657/621 631/685/648 632/687/650
f 588/628/594 587/658/622 618/686/649 619/688/651
f 602/627/593 601/626/592 632/687/650 633/689/652
f 589/629/595 588/628/594 619/688/651 620/690/653
f 576/631/596 1196/691/18 607/659/623
f 603/632/597 602/627/593 633/689/652 634/661/625
f 590/633/598 589/629/595 620/690/653 621/663/627
f 610/668/632 609/665/629 640/692/654 641/693/655
f 637/669/633 636/666/630 667/694/656 668/695/657
f 624/670/634 623/667/631 654/696/658 655/697/659
f 611/671/635 610/668/632 641/693/655 642/698/660
f 389/699/44 637/669/633 668/695/657
f 625/673/636 624/670/634 655/697/659 656/700/661
f 612/674/637 611/671/635 642/698/660 643/701/662
f 626/675/638 625/673/636 656/700/661 657/702/663
f 613/676/639 612/674/637 643/701/662 644/703/664
f 627/677/640 626/675/638 657/702/663 658/704/665
f 614/678/641 613/676/639 644/703/664 645/705/666
f 628/679/642 627/677/640 658/704/665 659/706/667
f 615/680/643 614/678/641 645/705/666 646/707/668
f 629/681/644 628/679/642 659/706/667 660/708/669
f 616/682/645 615/680/643 646/707/668 647/709/670
f 630/683/646 629/681/644 660/708/669 661/710/671
f 617/684/647 616/682/645 647/709/670 648/711/672
f 631/685/648 630/683/646 661/710/671 662/712/673
f 618/686/649 617/684/647 648/711/672 649/713/674
f 632/687/650 631/685/648 662/712/673 663/714/675
f 619/688/651 618/686/649 649/713/674 650/715/676
f 633/689/652 632/687/650 663/714/675 664/716/677
f 620/690/653 619/688/651 650/715/676 651/717/678
f 607/659/623 1196/718/18 638/719/679
f 634/661/625 633/689/652 664/716/677 665/720/680
f 621/663/627 620/690/653 651/717/678 652/721/681
f 608/660/624 607/659/623 638/719/679 639/722/682
f 635/662/626 634/661/625 665/720/680 666/723/683
f 622/664/628 621/663/627 652/721/681 653/724/684
f 609/665/629 608/660/624 639/722/682 640/692/654
f 636/666/630 635/662/626 666/723/683 667/694/656
f 623/667/631 622/664/628 653/724/684 654/696/658
f 643/701/662 642/698/660 673/725/685 674/726/686
f 657/702/663 656/700/661 687/727/687 688/728/688
f 644/703/664 643/701/662 674/726/686 675/729/689
f 658/704/665 657/702/663 688/728/688 689/730/690
f 645/705/666 644/703/664 675/729/689 676/731/691
f 659/706/667 658/704/665 689/730/690 690/732/692
f 646/707/668 645/705/666 676/731/691 677/733/693
f 660/708/669 659/706/667 690/732/692 691/734/694
f 647/709/670 646/707/668 677/733/693 678/735/695
f 661/710/671 660/708/669 691/734/694 692/736/696
f 648/711/672 647/709/670 678/735/695 679/737/697
f 662/712/673 661/710/671 692/736/696 693/738/698
f 649/713/674 648/711/672 679/737/697 680/739/699
f 663/714/675 662/712/673 693/738/698 694/740/700
f 650/715/676 649/713/674 680/739/699 681/741/701
f 664/716/677 663/714/675 694/740/700 695/742/702
f 651/717/678 650/715/676 681/741/701 682/743/703
f 638/719/679 1196/744/18 669/745/704
f 665/720/680 664/716/677 695/742/702 696/746/705
f 652/721/681 651/717/678 682/743/703 683/747/706
f 639/722/682 638/719/679 669/745/704 670/748/707
f 666/723/683 665/720/680 696/746/705 697/749/708
f 653/724/684 652/721/681 683/747/706 684/750/709
f 640/692/654 639/722/682 670/748/707 671/751/710
f 667/694/656 666/723/683 697/749/708 698/752/711
f 654/696/658 653/724/684 684/750/709 685/753/712
f 641/693/655 640/692/654 671/751/710 672/754/713
f 668/695/657 667/694/656 698/752/711 699/755/714
f 655/697/659 654/696/658 685/753/712 686/756/715
f 642/698/660 641/693/655 672/754/713 673/725/685
f 389/757/44 668/695/657 699/755/714
f 656/700/661 655/697/659 686/756/715 687/727/687
f 676/731/691 675/729/689 706/758/716 707/759/717
f 690/732/692 689/730/690 720/760/718 721/761/719
f 677/733/693 676/731/691 707/759/717 708/762/720
f 691/734/694 690/732/692 721/761/719 722/763/721
f 678/735/695 677/733/693 708/762/720 709/764/722
f 692/736/696 691/734/694 722/763/721 723/765/723
f 679/737/697 678/735/695 709/764/722 710/766/724
f 693/738/698 692/736/696 723/765/723 724/767/725
f 680/739/699 679/737/697 710/766/724 711/768/726
f 694/740/700 693/738/698 724/767/725 725/769/727
f 681/741/701 680/739/699 711/768/726 712/770/728
f 695/742/702 694/740/700 725/769/727 726/771/729
f 682/743/703 681/741/701 712/770/728 713/772/730
f 669/745/704 1196/773/18 700/774/731
f 696/746/705 695/742/702 726/771/729 727/775/732
f 683/747/706 682/743/703 713/772/730 714/776/733
f 670/748/707 669/745/704 700/774/731 701/777/734
f 697/749/708 696/746/705 727/775/732 728/778/735
f 684/750/709 683/747/706 714/776/733 715/779/736
f 671/751/710 670/748/707 701/777/734 702/780/737
f 698/752/711 697/749/708 728/778/735 729/781/738
f 685/753/712 684/750/709 715/779/736 716/782/739
f 672/754/713 671/751/710 702/780/737 703/783/740
f 699/755/714 698/752/711 729/781/738 730/784/741
f 686/756/715 685/753/712 716/782/739 717/785/742
f 673/725/685 672/754/713 703/783/740 704/786/743
f 389/787/44 699/755/714 730/784/741
f 687/727/687 686/756/715 717/785/742 718/788/744
f 674/726/686 673/725/685 704/786/743 705/789/745
f 688/728/688 687/727/687 718/788/744 719/790/746
f 675/729/689 674/726/686 705/789/745 706/758/716
f 689/730/690 688/728/688 719/790/746 720/760/718
f 709/764/722 708/762/720 739/791/747 740/792/748
f 723/765/723 722/763/721 753/793/749 754/794/750
f 710/766/724 709/764/722 740/792/748 741/795/751
f 724/767/725 723/765/723 754/794/750 755/796/752
f 711/768/726 710/766/724 741/795/751 742/797/753
f 725/769/727 724/767/725 755/796/752 756/798/754
f 712/770/728 711/768/726 742/797/753 743/799/755
f 726/771/729 725/769/727 756/798/754 757/800/756
f 713/772/730 712/770/728 743/799/755 744/801/757
f 700/774/731 1196/802/18 731/803/758
f 727/775/732 726/771/729 757/800/756 758/804/759
f 714/776/733 713/772/730 744/801/757 745/805/760
f 701/777/734 700/774/731 731/803/758 732/806/761
f 728/778/735 727/775/732 758/804/759 759/807/762
f 715/779/736 714/776/733 745/805/760 746/808/763
f 702/780/737 701/777/734 732/806/761 733/809/764
f 729/781/738 728/778/735 759/807/762 760/810/765
f 716/782/739 715/779/736 746/808/763 747/811/766
f 703/783/740 702/780/737 733/809/764 734/812/767
f 730/784/741 729/781/738 760/810/765 761/813/768
f 717/785/742 716/782/739 747/811/766 748/814/769
f 704/786/743 703/783/740 734/812/767 735/815/770
f 389/816/44 730/784/741 761/813/768
f 718/788/744 717/785/742 748/814/769 749/817/771
f 705/789/745 704/786/743 735/815/770 736/818/772
f 719/790/746 718/788/744 749/817/771 750/819/773
f 706/758/716 705/789/745 736/818/772 737/820/774
f 720/760/718 719/790/746 750/819/773 751/821/775
f 707/759/717 706/758/716 737/820/774 738/822/776
f 721/761/719 720/760/718 751/821/775 752/823/777
f 708/762/720 707/759/717 738/822/776 739/791/747
f 722/763/721 721/761/719 752/823/777 753/793/749
f 742/797/753 741/795/751 772/824/778 773/825/779
f 756/798/754 755/796/752 786/826/780 787/827/781
f 743/799/755 742/797/753 773/825/779 774/828/782
f 757/800/756 756/798/754 787/827/781 788/829/783
f 744/801/757 743/799/755 774/828/782 775/830/784
f 731/803/758 1196/831/18 762/832/785
f 758/804/759 757/800/756 788/829/783 789/833/786
f 745/805/760 744/801/757 775/830/784 776/834/787
f 732/806/761 731/803/758 762/832/785 763/835/788
f 759/807/762 758/804/759 789/833/786 790/836/789
f 746/808/763 745/805/760 776/834/787 777/837/790
f 733/809/764 732/806/761 763/835/788 764/838/791
f 760/810/765 759/807/762 790/836/789 791/839/792
f 747/811/766 746/808/763 777/837/790 778/840/793
f 734/812/767 733/809/764 764/838/791 765/841/794
f 761/813/768 760/810/765 791/839/792 792/842/795
f 748/814/769 747/811/766 778/840/793 779/843/796
f 735/815/770 734/812/767 765/841/794 766/844/797
f 389/845/44 761/813/768 792/842/795
f 749/817/771 748/814/769 779/843/796 780/846/798
f 736/818/772 735/815/770 766/844/797 767/847/799
f 750/819/773 749/817/771 780/846/798 781/848/800
f 737/820/774 736/818/772 767/847/799 768/849/801
f 751/821/775 750/819/773 781/848/800 782/850/802
f 738/822/776 737/820/774 768/849/801 769/851/803
f 752/823/777 751/821/775 782/850/802 783/852/804
f 739/791/747 738/822/776 769/851/803 770/853/805
f 753/793/749 752/823/777 783/852/804 784/854/806
f 740/792/748 739/791/747 770/853/805 771/855/807
f 754/794/750 753/793/749 784/854/806 785/856/808
f 741/795/751 740/792/748 771/855/807 772/824/778
f 755/796/752 754/794/750 785/856/808 786/826/780
f 775/830/784 774/828/782 805/857/809 806/858/810
f 762/832/785 1196/859/18 793/860/811
f 789/833/786 788/829/783 819/861/812 820/862/813
f 776/834/787 775/830/784 806/858/810 807/863/814
f 763/835/788 762/832/785 793/860/811 794/864/815
f 790/836/789 789/833/786 820/862/813 821/865/816
f 777/837/790 776/834/787 807/863/814 808/866/817
f 764/838/791 763/835/788 794/864/815 795/867/818
f 791/839/792 790/836/789 821/865/816 822/868/819
f 778/840/793 777/837/790 808/866/817 809/869/820
f 765/841/794 764/838/791 795/867/818 796/870/821
f 792/842/795 791/839/792 822/868/819 823/871/822
f 779/843/796 778/840/793 809/869/820 810/872/823
f 766/844/797 765/841/794 796/870/821 797/873/824
f 389/874/44 792/842/795 823/871/822
f 780/846/798 779/843/796 810/872/823 811/875/825
f 767/847/799 766/844/797 797/873/824 798/876/826
f 781/848/800 780/846/798 811/875/825 812/877/827
f 768/849/801 767/847/799 798/876/826 799/878/828
f 782/850/802 781/848/800 812/877/827 813/879/829
f 769/851/803 768/849/801 799/878/828 800/880/830
f 783/852/804 782/850/802 813/879/829 814/881/831
f 770/853/805 769/851/803 800/880/830 801/882/832
f 784/854/806 783/852/804 814/881/831 815/883/833
f 771/855/807 770/853/805 801/882/832 802/884/834
f 785/856/808 784/854/806 815/883/833 816/885/835
f 772/824/778 771/855/807 802/884/834 803/886/836
f 786/826/780 785/856/808 816/885/835 817/887/837
f 773/825/779 772/824/778 803/886/836 804/888/838
f 787/827/781 786/826/780 817/887/837 818/889/839
f 774/828/782 773/825/779 804/888/838 805/857/809
f 788/829/783 787/827/781 818/889/839 819/861/812
f 800/880/830 799/878/828 830/890/840 831/891/841
f 814/881/831 813/879/829 844/892/842 845/893/843
f 801/882/832 800/880/830 831/891/841 832/894/844
f 815/883/833 814/881/831 845/893/843 846/895/845
f 802/884/834 801/882/832 832/894/844 833/896/846
f 816/885/835 815/883/833 846/895/845 847/897/847
f 803/886/836 802/884/834 833/896/846 834/898/848
f 817/887/837 816/885/835 847/897/847 848/899/849
f 804/888/838 803/886/836 834/898/848 835/900/850
f 818/889/839 817/887/837 848/899/849 849/901/851
f 805/857/809 804/888/838 835/900/850 836/902/852
f 819/861/812 818/889/839 849/901/851 850/903/853
f 806/858/810 805/857/809 836/902/852 837/904/854
f 793/860/811 1196/905/18 824/906/855
f 820/862/813 819/861/812 850/903/853 851/907/856
f 807/863/814 806/858/810 837/904/854 838/908/857
f 794/864/815 793/860/811 824/906/855 825/909/858
f 821/865/816 820/862/813 851/907/856 852/910/859
f 808/866/817 807/863/814 838/908/857 839/911/860
f 795/867/818 794/864/815 825/909/858 826/912/861
f 822/868/819 821/865/816 852/910/859 853/913/862
f 809/869/820 808/866/817 839/911/860 840/914/863
f 796/870/821 795/867/818 826/912/861 827/915/864
f 823/871/822 822/868/819 853/913/862 854/916/865
f 810/872/823 809/869/820 840/914/863 841/917/866
f 797/873/824 796/870/821 827/915/864 828/918/867
f 389/919/44 823/871/822 854/916/865
f 811/875/825 810/872/823 841/917/866 842/920/868
f 798/876/826 797/873/824 828/918/867 829/921/869
f 812/877/827 811/875/825 842/920/868 843/922/870
f 799/878/828 798/876/826 829/921/869 830/890/840
f 813/879/829 812/877/827 843/922/870 844/892/842
f 833/896/846 832/894/844 863/923/871 864/924/872
f 847/897/847 846/895/845 877/925/873 878/926/874
f 834/898/848 833/896/846 864/924/872 865/927/875
f 848/899/849 847/897/847 878/926/874 879/928/876
f 835/900/850 834/898/848 865/927/875 866/929/877
f 849/901/851 848/899/849 879/928/876 880/930/878
f 836/902/852 835/900/850 866/929/877 867/931/879
f 850/903/853 849/901/851 880/930/878 881/932/880
f 837/904/854 836/902/852 867/931/879 868/933/881
f 824/906/855 1196/934/18 855/935/882
f 851/907/856 850/903/853 881/932/880 882/936/883
f 838/908/857 837/904/854 868/933/881 869/937/884
f 825/909/858 824/906/855 855/935/882 856/938/885
f 852/910/859 851/907/856 882/936/883 883/939/886
f 839/911/860 838/908/857 869/937/884 870/940/887
f 826/912/861 825/909/858 856/938/885 857/941/888
f 853/913/862 852/910/859 883/939/886 884/942/889
f 840/914/863 839/911/860 870/940/887 871/943/890
f 827/915/864 826/912/861 857/941/888 858/944/891
f 854/916/865 853/913/862 884/942/889 885/945/892
f 841/917/866 840/914/863 871/943/890 872/946/893
f 828/918/867 827/915/864 858/944/891 859/947/894
f 389/948/44 854/916/865 885/945/892
f 842/920/868 841/917/866 872/946/893 873/949/895
f 829/921/869 828/918/867 859/947/894 860/950/896
f 843/922/870 842/920/868 873/949/895 874/951/897
f 830/890/840 829/921/869 860/950/896 861/952/898
f 844/892/842 843/922/870 874/951/897 875/953/899
f 831/891/841 830/890/840 861/952/898 862/954/900
f 845/893/843 844/892/842 875/953/899 876/955/901
f 832/894/844 831/891/841 862/954/900 863/923/871
f 846/895/845 845/893/843 876/955/901 877/925/873
f 866/929/877 865/927/875 896/956/902 897/957/903
f 880/930/878 879/928/876 910/958/904 911/959/905
f 867/931/879 866/929/877 897/957/903 898/960/906
f 881/932/880 880/930/878 911/959/905 912/961/907
f 868/933/881 867/931/879 898/960/906 899/962/908
f 855/935/882 1196/963/18 886/964/909
f 882/936/883 881/932/880 912/961/907 913/965/910
f 869/937/884 868/933/881 899/962/908 900/966/911
f 856/938/885 855/935/882 886/964/909 887/967/912
f 883/939/886 882/936/883 913/965/910 914/968/913
f 870/940/887 869/937/884 900/966/911 901/969/914
f 857/941/888 856/938/885 887/967/912 888/970/915
f 884/942/889 883/939/886 914/968/913 915/971/916
f 871/943/890 870/940/887 901/969/914 902/972/917
f 858/944/891 857/941/888 888/970/915 889/973/918
f 885/945/892 884/942/889 915/971/916 916/974/919
f 872/946/893 871/943/890 902/972/917 903/975/920
f 859/947/894 858/944/891 889/973/918 890/976/921
f 389/977/44 885/945/892 916/974/919
f 873/949/895 872/946/893 903/975/920 904/978/922
f 860/950/896 859/947/894 890/976/921 891/979/923
f 874/951/897 873/949/895 904/978/922 905/980/924
f 861/952/898 860/950/896 891/979/923 892/981/925
f 875/953/899 874/951/897 905/980/924 906/982/926
f 862/954/900 861/952/898 892/981/925 893/983/927
f 876/955/901 875/953/899 906/982/926 907/984/928
f 863/923/871 862/954/900 893/983/927 894/985/929
f 877/925/873 876/955/901 907/984/928 908/986/930
f 864/924/872 863/923/871 894/985/929 895/987/931
f 878/926/874 877/925/873 908/986/930 909/988/932
f 865/927/875 864/924/872 895/987/931 896/956/902
f 879/928/876 878/926/874 909/988/932 910/958/904
f 899/962/908 898/960/906 929/989/933 930/990/934
f 886/964/909 1196/991/18 917/992/935
f 913/965/910 912/961/907 943/993/936 944/994/937
f 900/966/911 899/962/908 930/990/934 931/995/938
f 887/967/912 886/964/909 917/992/935 918/996/939
f 914/968/913 913/965/910 944/994/937 945/997/940
f 901/969/914 900/966/911 931/995/938 932/998/941
f 888/970/915 887/967/912 918/996/939 919/999/942
f 915/971/916 914/968/913 945/997/940 946/1000/943
f 902/972/917 901/969/914 932/998/941 933/1001/944
f 889/973/918 888/970/915 919/999/942 920/1002/945
f 916/974/919 915/971/916 946/1000/943 947/1003/946
f 903/975/920 902/972/917 933/1001/944 934/1004/947
f 890/976/921 889/973/918 920/1002/945 921/1005/948
f 389/1006/44 916/974/919 947/1003/946
f 904/978/922 903/975/920 934/1004/947 935/1007/949
f 891/979/923 890/976/921 921/1005/948 922/1008/950
f 905/980/924 904/978/922 935/1007/949 936/1009/951
f 892/981/925 891/979/923 922/1008/950 923/1010/952
f 906/982/926 905/980/924 936/1009/951 937/1011/953
f 893/983/927 892/981/925 923/1010/952 924/1012/954
f 907/984/928 906/982/926 937/1011/953 938/1013/955
f 894/985/929 893/983/927 924/1012/954 925/1014/956
f 908/986/930 907/984/928 938/1013/955 939/1015/957
f 895/987/931 894/985/929 925/1014/956 926/1016/958
f 909/988/932 908/986/930 939/1015/957 940/1017/959
f 896/956/902 895/987/931 926/1016/958 927/1018/960
f 910/958/904 909/988/932 940/1017/959 941/1019/961
f 897/957/903 896/956/902 927/1018/960 928/1020/962
f 911/959/905 910/958/904 941/1019/961 942/1021/963
f 898/960/906 897/957/903 928/1020/962 929/989/933
f 912/961/907 911/959/905 942/1021/963 943/993/936
f 932/998/941 931/995/938 962/1022/964 963/1023/965
f 919/999/942 918/996/939 949/1024/966 950/1025/967
f 946/1000/943 945/997/940 976/1026/968 977/1027/969
f 933/1001/944 932/998/941 963/1023/965 964/1028/970
f 920/1002/945 919/999/942 950/1025/967 951/1029/971
f 947/1003/946 946/1000/943 977/1027/969 978/1030/972
f 934/1004/947 933/1001/944 964/1028/970 965/1031/973
f 921/1005/948 920/1002/945 951/1029/971 952/1032/974
f 389/1033/44 947/1003/946 978/1030/972
f 935/1007/949 934/1004/947 965/1031/973 966/1034/975
f 922/1008/950 921/1005/948 952/1032/974 953/1035/976
f 936/1009/951 935/1007/949 966/1034/975 967/1036/977
f 923/1010/952 922/1008/950 953/1035/976 954/1037/978
f 937/1011/953 936/1009/951 967/1036/977 968/1038/979
f 924/1012/954 923/1010/952 954/1037/978 955/1039/980
f 938/1013/955 937/1011/953 968/1038/979 969/1040/981
f 925/1014/956 924/1012/954 955/1039/980 956/1041/982
f 939/1015/957 938/1013/955 969/1040/981 970/1042/983
f 926/1016/958 925/1014/956 956/1041/982 957/1043/984
f 940/1017/959 939/1015/957 970/1042/983 971/1044/985
f 927/1018/960 926/1016/958 957/1043/984 958/1045/986
f 941/1019/961 940/1017/959 971/1044/985 972/1046/987
f 928/1020/962 927/1018/960 958/1045/986 959/1047/988
f 942/1021/963 941/1019/961 972/1046/987 973/1048/989
f 929/989/933 928/1020/962 959/1047/988 960/1049/990
f 943/993/936 942/1021/963 973/1048/989 974/1050/991
f 930/990/934 929/989/933 960/1049/990 961/1051/992
f 917/992/935 1196/1052/18 948/1053/993
f 944/994/937 943/993/936 974/1050/991 975/1054/994
f 931/995/938 930/990/934 961/1051/992 962/1022/964
f 918/996/939 917/992/935 948/1053/993 949/1024/966
f 945/997/940 944/994/937 975/1054/994 976/1026/968
f 965/1031/973 964/1028/970 995/1055/995 996/1056/996
f 952/1032/974 951/1029/971 982/1057/997 983/1058/998
f 389/1059/44 978/1030/972 1009/1060/999
f 966/1034/975 965/1031/973 996/1056/996 997/1061/1000
f 953/1035/976 952/1032/974 983/1058/998 984/1062/1001
f 967/1036/977 966/1034/975 997/1061/1000 998/1063/1002
f 954/1037/978 953/1035/976 984/1062/1001 985/1064/1003
f 968/1038/979 967/1036/977 998/1063/1002 999/1065/1004
f 955/1039/980 954/1037/978 985/1064/1003 986/1066/1005
f 969/1040/981 968/1038/979 999/1065/1004 1000/1067/1006
f 956/1041/982 955/1039/980 986/1066/1005 987/1068/1007
f 970/1042/983 969/1040/981 1000/1067/1006 1001/1069/1008
f 957/1043/984 956/1041/982 987/1068/1007 988/1070/1009
f 971/1044/985 970/1042/983 1001/1069/1008 1002/1071/1010
f 958/1045/986 957/1043/984 988/1070/1009 989/1072/1011
f 972/1046/987 971/1044/985 1002/1071/1010 1003/1073/1012
f 959/1047/988 958/1045/986 989/1072/1011 990/1074/1013
f 973/1048/989 972/1046/987 1003/1073/1012 1004/1075/1014
f 960/1049/990 959/1047/988 990/1074/1013 991/1076/1015
f 974/1050/991 973/1048/989 1004/1075/1014 1005/1077/1016
f 961/1051/992 960/1049/990 991/1076/1015 992/1078/1017
f 948/1053/993 1196/1079/18 979/1080/1018
f 975/1054/994 974/1050/991 1005/1077/1016 1006/1081/1019
f 962/1022/964 961/1051/992 992/1078/1017 993/1082/1020
f 949/1024/966 948/1053/993 979/1080/1018 980/1083/1021
f 976/1026/968 975/1054/994 1006/1081/1019 1007/1084/1022
f 963/1023/965 962/1022/964 993/1082/1020 994/1085/1023
f 950/1025/967 949/1024/966 980/1083/1021 981/1086/1024
f 977/1027/969 976/1026/968 1007/1084/1022 1008/1087/1025
f 964/1028/970 963/1023/965 994/1085/1023 995/1055/995
f 951/1029/971 950/1025/967 981/1086/1024 982/1057/997
f 978/1030/972 977/1027/969 1008/1087/1025 1009/1060/999
f 998/1063/1002 997/1061/1000 1028/1088/1026 1029/1089/1027
f 985/1064/1003 984/1062/1001 1015/1090/1028 1016/1091/1029
f 999/1065/1004 998/1063/1002 1029/1089/1027 1030/1092/1030
f 986/1066/1005 985/1064/1003 1016/1091/1029 1017/1093/1031
f 1000/1067/1006 999/1065/1004 1030/1092/1030 1031/1094/1032
f 987/1068/1007 986/1066/1005 1017/1093/1031 1018/1095/1033
f 1001/1069/1008 1000/1067/1006 1031/1094/1032 1032/1096/1034
f 988/1070/1009 987/1068/1007 1018/1095/1033 1019/1097/1035
f 1002/1071/1010 1001/1069/1008 1032/1096/1034 1033/1098/1036
f 989/1072/1011 988/1070/1009 1019/1097/1035 1020/1099/1037
f 1003/1073/1012 1002/1071/1010 1033/1098/1036 1034/1100/1038
f 990/1074/1013 989/1072/1011 1020/1099/1037 1021/1101/1039
f 1004/1075/1014 1003/1073/1012 1034/1100/1038 1035/1102/1040
f 991/1076/1015 990/1074/1013 1021/1101/1039 1022/1103/1041
f 1005/1077/1016 1004/1075/1014 1035/1102/1040 1036/1104/1042
f 992/1078/1017 991/1076/1015 1022/1103/1041 1023/1105/1043
f 979/1080/1018 1196/1106/18 1010/1107/1044
f 1006/1081/1019 1005/1077/1016 1036/1104/1042 1037/1108/1045
f 993/1082/1020 992/1078/1017 1023/1105/1043 1024/1109/1046
f 980/1083/1021 979/1080/1018 1010/1107/1044 1011/1110/1047
f 1007/1084/1022 1006/1081/1019 1037/1108/1045 1038/1111/1048
f 994/1085/1023 993/1082/1020 1024/1109/1046 1025/1112/1049
f 981/1086/1024 980/1083/1021 1011/1110/1047 1012/1113/1050
f 1008/1087/1025 1007/1084/1022 1038/1111/1048 1039/1114/1051
f 995/1055/995 994/1085/1023 1025/1112/1049 1026/1115/1052
f 982/1057/997 981/1086/1024 1012/1113/1050 1013/1116/1053
f 1009/1060/999 1008/1087/1025 1039/1114/1051 1040/1117/1054
f 996/1056/996 995/1055/995 1026/1115/1052 1027/1118/1055
f 983/1058/998 982/1057/997 1013/1116/1053 1014/1119/1056
f 389/1120/44 1009/1060/999 1040/1117/1054
f 997/1061/1000 996/1056/996 1027/1118/1055 1028/1088/1026
f 984/1062/1001 983/1058/998 1014/1119/1056 1015/1090/1028
f 1031/1094/1032 1030/1092/1030 1061/1121/1057 1062/1122/1058
f 1018/1095/1033 1017/1093/1031 1048/1123/1059 1049/1124/1060
f 1032/1096/1034 1031/1094/1032 1062/1122/1058 1063/1125/1061
f 1019/1097/1035 1018/1095/1033 1049/1124/1060 1050/1126/1062
f 1033/1098/1036 1032/1096/1034 1063/1125/1061 1064/1127/1063
f 1020/1099/1037 1019/1097/1035 1050/1126/1062 1051/1128/1064
f 1034/1100/1038 1033/1098/1036 1064/1127/1063 1065/1129/1065
f 1021/1101/1039 1020/1099/1037 1051/1128/1064 1052/1130/1066
f 1035/1102/1040 1034/1100/1038 1065/1129/1065 1066/1131/1067
f 1022/1103/1041 1021/1101/1039 1052/1130/1066 1053/1132/1068
f 1036/1104/1042 1035/1102/1040 1066/1131/1067 1067/1133/1069
f 1023/1105/1043 1022/1103/1041 1053/1132/1068 1054/1134/1070
f 1010/1107/1044 1196/1135/18 1041/1136/1071
f 1037/1108/1045 1036/1104/1042 1067/1133/1069 1068/1137/1072
f 1024/1109/1046 1023/1105/1043 1054/1134/1070 1055/1138/1073
f 1011/1110/1047 1010/1107/1044 1041/1136/1071 1042/1139/1074
f 1038/1111/1048 1037/1108/1045 1068/1137/1072 1069/1140/1075
f 1025/1112/1049 1024/1109/1046 1055/1138/1073 1056/1141/1076
f 1012/1113/1050 1011/1110/1047 1042/1139/1074 1043/1142/1077
f 1039/1114/1051 1038/1111/1048 1069/1140/1075 1070/1143/1078
f 1026/1115/1052 1025/1112/1049 1056/1141/1076 1057/1144/1079
f 1013/1116/1053 1012/1113/1050 1043/1142/1077 1044/1145/1080
f 1040/1117/1054 1039/1114/1051 1070/1143/1078 1071/1146/1081
f 1027/1118/1055 1026/1115/1052 1057/1144/1079 1058/1147/1082
f 1014/1119/1056 1013/1116/1053 1044/1145/1080 1045/1148/1083
f 389/1149/44 1040/1117/1054 1071/1146/1081
f 1028/1088/1026 1027/1118/1055 1058/1147/1082 1059/1150/1084
f 1015/1090/1028 1014/1119/1056 1045/1148/1083 1046/1151/1085
f 1029/1089/1027 1028/1088/1026 1059/1150/1084 1060/1152/1086
f 1016/1091/1029 1015/1090/1028 1046/1151/1085 1047/1153/1087
f 1030/1092/1030 1029/1089/1027 1060/1152/1086 1061/1121/1057
f 1017/1093/1031 1016/1091/1029 1047/1153/1087 1048/1123/1059
f 1064/1127/1063 1063/1125/1061 1094/1154/1088 1095/1155/1089
f 1051/1128/1064 1050/1126/1062 1081/1156/1090 1082/1157/1091
f 1065/1129/1065 1064/1127/1063 1095/1155/1089 1096/1158/1092
f 1052/1130/1066 1051/1128/1064 1082/1157/1091 1083/1159/1093
f 1066/1131/1067 1065/1129/1065 1096/1158/1092 1097/1160/1094
f 1053/1132/1068 1052/1130/1066 1083/1159/1093 1084/1161/1095
f 1067/1133/1069 1066/1131/1067 1097/1160/1094 1098/1162/1096
f 1054/1134/1070 1053/1132/1068 1084/1161/1095 1085/1163/1097
f 1041/1136/1071 1196/1164/18 1072/1165/1098
f 1068/1137/1072 1067/1133/1069 1098/1162/1096 1099/1166/1099
f 1055/1138/1073 1054/1134/1070 1085/1163/1097 1086/1167/1100
f 1042/1139/1074 1041/1136/1071 1072/1165/1098 1073/1168/1101
f 1069/1140/1075 1068/1137/1072 1099/1166/1099 1100/1169/1102
f 1056/1141/1076 1055/1138/1073 1086/1167/1100 1087/1170/1103
f 1043/1142/1077 1042/1139/1074 1073/1168/1101 1074/1171/1104
f 1070/1143/1078 1069/1140/1075 1100/1169/1102 1101/1172/1105
f 1057/1144/1079 1056/1141/1076 1087/1170/1103 1088/1173/1106
f 1044/1145/1080 1043/1142/1077 1074/1171/1104 1075/1174/1107
f 1071/1146/1081 1070/1143/1078 1101/1172/1105 1102/1175/1108
f 1058/1147/1082 1057/1144/1079 1088/1173/1106 1089/1176/1109
f 1045/1148/1083 1044/1145/1080 1075/1174/1107 1076/1177/1110
f 389/1178/44 1071/1146/1081 1102/1175/1108
f 1059/1150/1084 1058/1147/1082 1089/1176/1109 1090/1179/1111
f 1046/1151/1085 1045/1148/1083 1076/1177/1110 1077/1180/1112
f 1060/1152/1086 1059/1150/1084 1090/1179/1111 1091/1181/1113
f 1047/1153/1087 1046/1151/1085 1077/1180/1112 1078/1182/1114
f 1061/1121/1057 1060/1152/1086 1091/1181/1113 1092/1183/1115
f 1048/1123/1059 1047/1153/1087 1078/1182/1114 1079/1184/1116
f 1062/1122/1058 1061/1121/1057 1092/1183/1115 1093/1185/1117
f 1049/1124/1060 1048/1123/1059 1079/1184/1116 1080/1186/1118
f 1063/1125/1061 1062/1122/1058 1093/1185/1117 1094/1154/1088
f 1050/1126/1062 1049/1124/1060 1080/1186/1118 1081/1156/1090
f 1097/1160/1094 1096/1158/1092 1127/1187/1119 1128/1188/1120
f 1084/1161/1095 1083/1159/1093 1114/1189/1121 1115/1190/1122
f 1098/1162/1096 1097/1160/1094 1128/1188/1120 1129/1191/1123
f 1085/1163/1097 1084/1161/1095 1115/1190/1122 1116/1192/1124
f 1072/1165/1098 1196/1193/18 1103/1194/1125
f 1099/1166/1099 1098/1162/1096 1129/1191/1123 1130/1195/1126
f 1086/1167/1100 1085/1163/1097 1116/1192/1124 1117/1196/1127
f 1073/1168/1101 1072/1165/1098 1103/1194/1125 1104/1197/1128
f 1100/1169/1102 1099/1166/1099 1130/1195/1126 1131/1198/1129
f 1087/1170/1103 1086/1167/1100 1117/1196/1127 1118/1199/1130
f 1074/1171/1104 1073/1168/1101 1104/1197/1128 1105/1200/1131
f 1101/1172/1105 1100/1169/1102 1131/1198/1129 1132/1201/1132
f 1088/1173/1106 1087/1170/1103 1118/1199/1130 1119/1202/1133
f 1075/1174/1107 1074/1171/1104 1105/1200/1131 1106/1203/1134
f 1102/1175/1108 1101/1172/1105 1132/1201/1132 1133/1204/1135
f 1089/1176/1109 1088/1173/1106 1119/1202/1133 1120/1205/1136
f 1076/1177/1110 1075/1174/1107 1106/1203/1134 1107/1206/1137
f 389/1207/44 1102/1175/1108 1133/1204/1135
f 1090/1179/1111 1089/1176/1109 1120/1205/1136 1121/1208/1138
f 1077/1180/1112 1076/1177/1110 1107/1206/1137 1108/1209/1139
f 1091/1181/1113 1090/1179/1111 1121/1208/1138 1122/1210/1140
f 1078/1182/1114 1077/1180/1112 1108/1209/1139 1109/1211/1141
f 1092/1183/1115 1091/1181/1113 1122/1210/1140 1123/1212/1142
f 1079/1184/1116 1078/1182/1114 1109/1211/1141 1110/1213/1143
f 1093/1185/1117 1092/1183/1115 1123/1212/1142 1124/1214/1144
f 1080/1186/1118 1079/1184/1116 1110/1213/1143 1111/1215/1145
f 1094/1154/1088 1093/1185/1117 1124/1214/1144 1125/1216/1146
f 1081/1156/1090 1080/1186/1118 1111/1215/1145 1112/1217/1147
f 1095/1155/1089 1094/1154/1088 1125/1216/1146 1126/1218/1148
f 1082/1157/1091 1081/1156/1090 1112/1217/1147 1113/1219/1149
f 1096/1158/1092 1095/1155/1089 1126/1218/1148 1127/1187/1119
f 1083/1159/1093 1082/1157/1091 1113/1219/1149 1114/1189/1121
f 1103/1194/1125 1196/1220/18 1134/1221/1150
f 1130/1195/1126 1129/1191/1123 1160/1222/1151 1161/1223/1152
f 1117/1196/1127 1116/1192/1124 1147/1224/1153 1148/1225/1154
f 1104/1197/1128 1103/1194/1125 1134/1221/1150 1135/1226/1155
f 1131/1198/1129 1130/1195/1126 1161/1223/1152 1162/1227/1156
f 1118/1199/1130 1117/1196/1127 1148/1225/1154 1149/1228/1157
f 1105/1200/1131 1104/1197/1128 1135/1226/1155 1136/1229/1158
f 1132/1201/1132 1131/1198/1129 1162/1227/1156 1163/1230/1159
f 1119/1202/1133 1118/1199/1130 1149/1228/1157 1150/1231/1160
f 1106/1203/1134 1105/1200/1131 1136/1229/1158 1137/1232/1161
f 1133/1204/1135 1132/1201/1132 1163/1230/1159 1164/1233/1162
f 1120/1205/1136 1119/1202/1133 1150/1231/1160 1151/1234/1163
f 1107/1206/1137 1106/1203/1134 1137/1232/1161 1138/1235/1164
f 389/1236/44 1133/1204/1135 1164/1233/1162
f 1121/1208/1138 1120/1205/1136 1151/1234/1163 1152/1237/1165
f 1108/1209/1139 1107/1206/1137 1138/1235/1164 1139/1238/1166
f 1122/1210/1140 1121/1208/1138 1152/1237/1165 1153/1239/1167
f 1109/1211/1141 1108/1209/1139 1139/1238/1166 1140/1240/1168
f 1123/1212/1142 1122/1210/1140 1153/1239/1167 1154/1241/1169
f 1110/1213/1143 1109/1211/1141 1140/1240/1168 1141/1242/1170
f 1124/1214/1144 1123/1212/1142 1154/1241/1169 1155/1243/1171
f 1111/1215/1145 1110/1213/1143 1141/1242/1170 1142/1244/1172
f 1125/1216/1146 1124/1214/1144 1155/1243/1171 1156/1245/1173
f 1112/1217/1147 1111/1215/1145 1142/1244/1172 1143/1246/1174
f 1126/1218/1148 1125/1216/1146 1156/1245/1173 1157/1247/1175
f 1113/1219/1149 1112/1217/1147 1143/1246/1174 1144/1248/1176
f 1127/1187/1119 1126/1218/1148 1157/1247/1175 1158/1249/1177
f 1114/1189/1121 1113/1219/1149 1144/1248/1176 1145/1250/1178
f 1128/1188/1120 1127/1187/1119 1158/1249/1177 1159/1251/1179
f 1115/1190/1122 1114/1189/1121 1145/1250/1178 1146/1252/1180
f 1129/1191/1123 1128/1188/1120 1159/1251/1179 1160/1222/1151
f 1116/1192/1124 1115/1190/1122 1146/1252/1180 1147/1224/1153
f 1136/1229/1158 1135/1226/1155 1166/1253/1181 1167/1254/1182
f 1163/1230/1159 1162/1227/1156 1193/1255/1183 1194/1256/1184
f 1150/1231/1160 1149/1228/1157 1180/1257/1185 1181/1258/1186
f 1137/1232/1161 1136/1229/1158 1167/1254/1182 1168/1259/1187
f 1164/1233/1162 1163/1230/1159 1194/1256/1184 1195/1260/1188
f 1151/1234/1163 1150/1231/1160 1181/1258/1186 1182/1261/1189
f 1138/1235/1164 1137/1232/1161 1168/1259/1187 1169/1262/1190
f 389/1263/44 1164/1233/1162 1195/1260/1188
f 1152/1237/1165 1151/1234/1163 1182/1261/1189 1183/1264/1191
f 1139/1238/1166 1138/1235/1164 1169/1262/1190 1170/1265/1192
f 1153/1239/1167 1152/1237/1165 1183/1264/1191 1184/1266/1193
f 1140/1240/1168 1139/1238/1166 1170/1265/1192 1171/1267/1194
f 1154/1241/1169 1153/1239/1167 1184/1266/1193 1185/1268/1195
f 1141/1242/1170 1140/1240/1168 1171/1267/1194 1172/1269/1196
f 1155/1243/1171 1154/1241/1169 1185/1268/1195 1186/1270/1197
f 1142/1244/1172 1141/1242/1170 1172/1269/1196 1173/1271/1198
f 1156/1245/1173 1155/1243/1171 1186/1270/1197 1187/1272/1199
f 1143/1246/1174 1142/1244/1172 1173/1271/1198 1174/1273/1200
f 1157/1247/1175 1156/1245/1173 1187/1272/1199 1188/1274/1201
f 1144/1248/1176 1143/1246/1174 1174/1273/1200 1175/1275/1202
f 1158/1249/1177 1157/1247/1175 1188/1274/1201 1189/1276/1203
f 1145/1250/1178 1144/1248/1176 1175/1275/1202 1176/1277/1204
f 1159/1251/1179 1158/1249/1177 1189/1276/1203 1190/1278/1205
f 1146/1252/1180 1145/1250/1178 1176/1277/1204 1177/1279/1206
f 1160/1222/1151 1159/1251/1179 1190/1278/1205 1191/1280/1207
f 1147/1224/1153 1146/1252/1180 1177/1279/1206 1178/1281/1208
f 1134/1221/1150 1196/1282/18 1165/1283/1209
f 1161/1223/1152 1160/1222/1151 1191/1280/1207 1192/1284/1210
f 1148/1225/1154 1147/1224/1153 1178/1281/1208 1179/1285/1211
f 1135/1226/1155 1134/1221/1150 1165/1283/1209 1166/1253/1181
f 1162/1227/1156 1161/1223/1152 1192/1284/1210 1193/1255/1183
f 1149/1228/1157 1148/1225/1154 1179/1285/1211 1180/1257/1185
f 1169/1262/1190 1168/1259/1187 1200/1286/1212 1201/1287/1213
f 389/1288/44 1195/1260/1188 1227/1289/1214
f 1183/1264/1191 1182/1261/1189 1214/1290/1215 1215/1291/1216
f 1170/1265/1192 1169/1262/1190 1201/1287/1213 1202/1292/1217
f 1184/1266/1193 1183/1264/1191 1215/1291/1216 1216/1293/1218
f 1171/1267/1194 1170/1265/1192 1202/1292/1217 1203/1294/1219
f 1185/1268/1195 1184/1266/1193 1216/1293/1218 1217/1295/1220
f 1172/1269/1196 1171/1267/1194 1203/1294/1219 1204/1296/1221
f 1186/1270/1197 1185/1268/1195 1217/1295/1220 1218/1297/1222
f 1173/1271/1198 1172/1269/1196 1204/1296/1221 1205/1298/1223
f 1187/1272/1199 1186/1270/1197 1218/1297/1222 1219/1299/1224
f 1174/1273/1200 1173/1271/1198 1205/1298/1223 1206/1300/1225
f 1188/1274/1201 1187/1272/1199 1219/1299/1224 1220/1301/1226
f 1175/1275/1202 1174/1273/1200 1206/1300/1225 1207/1302/1227
f 1189/1276/1203 1188/1274/1201 1220/1301/1226 1221/1303/1228
f 1176/1277/1204 1175/1275/1202 1207/1302/1227 1208/1304/1229
f 1190/1278/1205 1189/1276/1203 1221/1303/1228 1222/1305/1230
f 1177/1279/1206 1176/1277/1204 1208/1304/1229 1209/1306/1231
f 1191/1280/1207 1190/1278/1205 1222/1305/1230 1223/1307/1232
f 1178/1281/1208 1177/1279/1206 1209/1306/1231 1210/1308/1233
f 1165/1283/1209 1196/1309/18 1197/1310/1234
f 1192/1284/1210 1191/1280/1207 1223/1307/1232 1224/1311/1235
f 1179/1285/1211 1178/1281/1208 1210/1308/1233 1211/1312/1236
f 1166/1253/1181 1165/1283/1209 1197/1310/1234 1198/1313/1237
f 1193/1255/1183 1192/1284/1210 1224/1311/1235 1225/1314/1238
f 1180/1257/1185 1179/1285/1211 1211/1312/1236 1212/1315/1239
f 1167/1254/1182 1166/1253/1181 1198/1313/1237 1199/1316/1240
f 1194/1256/1184 1193/1255/1183 1225/1314/1238 1226/1317/1241
f 1181/1258/1186 1180/1257/1185 1212/1315/1239 1213/1318/1242
f 1168/1259/1187 1167/1254/1182 1199/1316/1240 1200/1286/1212
f 1195/1260/1188 1194/1256/1184 1226/1317/1241 1227/1289/1214
f 1182/1261/1189 1181/1258/1186 1213/1318/1242 1214/1290/1215
f 1203/1294/1219 1202/1292/1217 1233/1319/1243 1234/1320/1244
f 1217/1295/1220 1216/1293/1218 1247/1321/1245 1248/1322/1246
f 1204/1296/1221 1203/1294/1219 1234/1320/1244 1235/1323/1247
f 1218/1297/1222 1217/1295/1220 1248/1322/1246 1249/1324/1248
f 1205/1298/1223 1204/1296/1221 1235/1323/1247 1236/1325/1249
f 1219/1299/1224 1218/1297/1222 1249/1324/1248 1250/1326/1250
f 1206/1300/1225 1205/1298/1223 1236/1325/1249 1237/1327/1251
f 1220/1301/1226 1219/1299/1224 1250/1326/1250 1251/1328/1252
f 1207/1302/1227 1206/1300/1225 1237/1327/1251 1238/1329/1253
f 1221/1303/1228 1220/1301/1226 1251/1328/1252 1252/1330/1254
f 1208/1304/1229 1207/1302/1227 1238/1329/1253 1239/1331/1255
f 1222/1305/1230 1221/1303/1228 1252/1330/1254 1253/1332/1256
f 1209/1306/1231 1208/1304/1229 1239/1331/1255 1240/1333/1257
f 1223/1307/1232 1222/1305/1230 1253/1332/1256 1254/1334/1258
f 1210/1308/1233 1209/1306/1231 1240/1333/1257 1241/1335/1259
f 1197/1310/1234 1196/1336/18 1228/1337/1260
f 1224/1311/1235 1223/1307/1232 1254/1334/1258 1255/1338/1261
f 1211/1312/1236 1210/1308/1233 1241/1335/1259 1242/1339/1262
f 1198/1313/1237 1197/1310/1234 1228/1337/1260 1229/1340/1263
f 1225/1314/1238 1224/1311/1235 1255/1338/1261 1256/1341/1264
f 1212/1315/1239 1211/1312/1236 1242/1339/1262 1243/1342/1265
f 1199/1316/1240 1198/1313/1237 1229/1340/1263 1230/1343/1266
f 1226/1317/1241 1225/1314/1238 1256/1341/1264 1257/1344/1267
f 1213/1318/1242 1212/1315/1239 1243/1342/1265 1244/1345/1268
f 1200/1286/1212 1199/1316/1240 1230/1343/1266 1231/1346/1269
f 1227/1289/1214 1226/1317/1241 1257/1344/1267 1258/1347/1270
f 1214/1290/1215 1213/1318/1242 1244/1345/1268 1245/1348/1271
f 1201/1287/1213 1200/1286/1212 1231/1346/1269 1232/1349/1272
f 389/1350/44 1227/1289/1214 1258/1347/1270
f 1215/1291/1216 1214/1290/1215 1245/1348/1271 1246/1351/1273
f 1202/1292/1217 1201/1287/1213 1232/1349/1272 1233/1319/1243
f 1216/1293/1218 1215/1291/1216 1246/1351/1273 1247/1321/1245
f 1236/1325/1249 1235/1323/1247 1266/1352/1274 1267/1353/1275
f 1250/1326/1250 1249/1324/1248 1280/1354/1276 1281/1355/1277
f 1237/1327/1251 1236/1325/1249 1267/1353/1275 1268/1356/1278
f 1251/1328/1252 1250/1326/1250 1281/1355/1277 1282/1357/1279
f 1238/1329/1253 1237/1327/1251 1268/1356/1278 1269/1358/1280
f 1252/1330/1254 1251/1328/1252 1282/1357/1279 1283/1359/1281
f 1239/1331/1255 1238/1329/1253 1269/1358/1280 1270/1360/1282
f 1253/1332/1256 1252/1330/1254 1283/1359/1281 1284/1361/1283
f 1240/1333/1257 1239/1331/1255 1270/1360/1282 1271/1362/1284
f 1254/1334/1258 1253/1332/1256 1284/1361/1283 1285/1363/1285
f 1241/1335/1259 1240/1333/1257 1271/1362/1284 1272/1364/1286
f 1228/1337/1260 1196/1365/18 1259/1366/1287
f 1255/1338/1261 1254/1334/1258 1285/1363/1285 1286/1367/1288
f 1242/1339/1262 1241/1335/1259 1272/1364/1286 1273/1368/1289
f 1229/1340/1263 1228/1337/1260 1259/1366/1287 1260/1369/1290
f 1256/1341/1264 1255/1338/1261 1286/1367/1288 1287/1370/1291
f 1243/1342/1265 1242/1339/1262 1273/1368/1289 1274/1371/1292
f 1230/1343/1266 1229/1340/1263 1260/1369/1290 1261/1372/1293
f 1257/1344/1267 1256/1341/1264 1287/1370/1291 1288/1373/1294
f 1244/1345/1268 1243/1342/1265 1274/1371/1292 1275/1374/1295
f 1231/1346/1269 1230/1343/1266 1261/1372/1293 1262/1375/1296
f 1258/1347/1270 1257/1344/1267 1288/1373/1294 1289/1376/1297
f 1245/1348/1271 1244/1345/1268 1275/1374/1295 1276/1377/1298
f 1232/1349/1272 1231/1346/1269 1262/1375/1296 1263/1378/1299
f 389/1379/44 1258/1347/1270 1289/1376/1297
f 1246/1351/1273 1245/1348/1271 1276/1377/1298 1277/1380/1300
f 1233/1319/1243 1232/1349/1272 1263/1378/1299 1264/1381/1301
f 1247/1321/1245 1246/1351/1273 1277/1380/1300 1278/1382/1302
f 1234/1320/1244 1233/1319/1243 1264/1381/1301 1265/1383/1303
f 1248/1322/1246 1247/1321/1245 1278/1382/1302 1279/1384/1304
f 1235/1323/1247 1234/1320/1244 1265/1383/1303 1266/1352/1274
f 1249/1324/1248 1248/1322/1246 1279/1384/1304 1280/1354/1276
f 1269/1358/1280 1268/1356/1278 1299/1385/1305 1300/1386/1306
f 1283/1359/1281 1282/1357/1279 1313/1387/1307 1314/1388/1308
f 1270/1360/1282 1269/1358/1280 1300/1386/1306 1301/1389/1309
f 1284/1361/1283 1283/1359/1281 1314/1388/1308 1315/1390/1310
f 1271/1362/1284 1270/1360/1282 1301/1389/1309 1302/1391/1311
f 1285/1363/1285 1284/1361/1283 1315/1390/1310 1316/1392/1312
f 1272/1364/1286 1271/1362/1284 1302/1391/1311 1303/1393/1313
f 1259/1366/1287 1196/1394/18 1290/1395/1314
f 1286/1367/1288 1285/1363/1285 1316/1392/1312 1317/1396/1315
f 1273/1368/1289 1272/1364/1286 1303/1393/1313 1304/1397/1316
f 1260/1369/1290 1259/1366/1287 1290/1395/1314 1291/1398/1317
f 1287/1370/1291 1286/1367/1288 1317/1396/1315 1318/1399/1318
f 1274/1371/1292 1273/1368/1289 1304/1397/1316 1305/1400/1319
f 1261/1372/1293 1260/1369/1290 1291/1398/1317 1292/1401/1320
f 1288/1373/1294 1287/1370/1291 1318/1399/1318 1319/1402/1321
f 1275/1374/1295 1274/1371/1292 1305/1400/1319 1306/1403/1322
f 1262/1375/1296 1261/1372/1293 1292/1401/1320 1293/1404/1323
f 1289/1376/1297 1288/1373/1294 1319/1402/1321 1320/1405/1324
f 1276/1377/1298 1275/1374/1295 1306/1403/1322 1307/1406/1325
f 1263/1378/1299 1262/1375/1296 1293/1404/1323 1294/1407/1326
f 389/1408/44 1289/1376/1297 1320/1405/1324
f 1277/1380/1300 1276/1377/1298 1307/1406/1325 1308/1409/1327
f 1264/1381/1301 1263/1378/1299 1294/1407/1326 1295/1410/1328
f 1278/1382/1302 1277/1380/1300 1308/1409/1327 1309/1411/1329
f 1265/1383/1303 1264/1381/1301 1295/1410/1328 1296/1412/1330
f 1279/1384/1304 1278/1382/1302 1309/1411/1329 1310/1413/1331
f 1266/1352/1274 1265/1383/1303 1296/1412/1330 1297/1414/1332
f 1280/1354/1276 1279/1384/1304 1310/1413/1331 1311/1415/1333
f 1267/1353/1275 1266/1352/1274 1297/1414/1332 1298/1416/1334
f 1281/1355/1277 1280/1354/1276 1311/1415/1333 1312/1417/1335
f 1268/1356/1278 1267/1353/1275 1298/1416/1334 1299/1385/1305
f 1282/1357/1279 1281/1355/1277 1312/1417/1335 1313/1387/1307
f 1302/1391/1311 1301/1389/1309 1332/1418/1336 1333/1419/1337
f 1316/1392/1312 1315/1390/1310 1346/1420/1338 1347/1421/1339
f 1303/1393/1313 1302/1391/1311 1333/1419/1337 1334/1422/1340
f 1290/1395/1314 1196/1423/18 1321/1424/1341
f 1317/1396/1315 1316/1392/1312 1347/1421/1339 1348/1425/1342
f 1304/1397/1316 1303/1393/1313 1334/1422/1340 1335/1426/1343
f 1291/1398/1317 1290/1395/1314 1321/1424/1341 1322/1427/1344
f 1318/1399/1318 1317/1396/1315 1348/1425/1342 1349/1428/1345
f 1305/1400/1319 1304/1397/1316 1335/1426/1343 1336/1429/1346
f 1292/1401/1320 1291/1398/1317 1322/1427/1344 1323/1430/1347
f 1319/1402/1321 1318/1399/1318 1349/1428/1345 1350/1431/1348
f 1306/1403/1322 1305/1400/1319 1336/1429/1346 1337/1432/1349
f 1293/1404/1323 1292/1401/1320 1323/1430/1347 1324/1433/1350
f 1320/1405/1324 1319/1402/1321 1350/1431/1348 1351/1434/1351
f 1307/1406/1325 1306/1403/1322 1337/1432/1349 1338/1435/1352
f 1294/1407/1326 1293/1404/1323 1324/1433/1350 1325/1436/1353
f 389/1437/44 1320/1405/1324 1351/1434/1351
f 1308/1409/1327 1307/1406/1325 1338/1435/1352 1339/1438/1354
f 1295/1410/1328 1294/1407/1326 1325/1436/1353 1326/1439/1355
f 1309/1411/1329 1308/1409/1327 1339/1438/1354 1340/1440/1356
f 1296/1412/1330 1295/1410/1328 1326/1439/1355 1327/1441/1357
f 1310/1413/1331 1309/1411/1329 1340/1440/1356 1341/1442/1358
f 1297/1414/1332 1296/1412/1330 1327/1441/1357 1328/1443/1359
f 1311/1415/1333 1310/1413/1331 1341/1442/1358 1342/1444/1360
f 1298/1416/1334 1297/1414/1332 1328/1443/1359 1329/1445/1361
f 1312/1417/1335 1311/1415/1333 1342/1444/1360 1343/1446/1362
f 1299/1385/1305 1298/1416/1334 1329/1445/1361 1330/1447/1363
f 1313/1387/1307 1312/1417/1335 1343/1446/1362 1344/1448/1364
f 1300/1386/1306 1299/1385/1305 1330/1447/1363 1331/1449/1365
f 1314/1388/1308 1313/1387/1307 1344/1448/1364 1345/1450/1366
f 1301/1389/1309 1300/1386/1306 1331/1449/1365 1332/1418/1336
f 1315/1390/1310 1314/1388/1308 1345/1450/1366 1346/1420/1338
f 1335/1426/1343 1334/1422/1340 1365/1451/1367 1366/1452/1368
f 1322/1427/1344 1321/1424/1341 1352/1453/1369 1353/1454/1370
f 1349/1428/1345 1348/1425/1342 1379/1455/1371 1380/1456/1372
f 1336/1429/1346 1335/1426/1343 1366/1452/1368 1367/1457/1373
f 1323/1430/1347 1322/1427/1344 1353/1454/1370 1354/1458/1374
f 1350/1431/1348 1349/1428/1345 1380/1456/1372 1381/1459/1375
f 1337/1432/1349 1336/1429/1346 1367/1457/1373 1368/1460/1376
f 1324/1433/1350 1323/1430/1347 1354/1458/1374 1355/1461/1377
f 1351/1434/1351 1350/1431/1348 1381/1459/1375 1382/1462/1378
f 1338/1435/1352 1337/1432/1349 1368/1460/1376 1369/1463/1379
f 1325/1436/1353 1324/1433/1350 1355/1461/1377 1356/1464/1380
f 389/1465/44 1351/1434/1351 1382/1462/1378
f 1339/1438/1354 1338/1435/1352 1369/1463/1379 1370/1466/1381
f 1326/1439/1355 1325/1436/1353 1356/1464/1380 1357/1467/1382
f 1340/1440/1356 1339/1438/1354 1370/1466/1381 1371/1468/1383
f 1327/1441/1357 1326/1439/1355 1357/1467/1382 1358/1469/1384
f 1341/1442/1358 1340/1440/1356 1371/1468/1383 1372/1470/1385
f 1328/1443/1359 1327/1441/1357 1358/1469/1384 1359/1471/1386
f 1342/1444/1360 1341/1442/1358 1372/1470/1385 1373/1472/1387
f 1329/1445/1361 1328/1443/1359 1359/1471/1386 1360/1473/1388
f 1343/1446/1362 1342/1444/1360 1373/1472/1387 1374/1474/1389
f 1330/1447/1363 1329/1445/1361 1360/1473/1388 1361/1475/1390
f 1344/1448/1364 1343/1446/1362 1374/1474/1389 1375/1476/1391
f 1331/1449/1365 1330/1447/1363 1361/1475/1390 1362/1477/1392
f 1345/1450/1366 1344/1448/1364 1375/1476/1391 1376/1478/1393
f 1332/1418/1336 1331/1449/1365 1362/1477/1392 1363/1479/1394
f 1346/1420/1338 1345/1450/1366 1376/1478/1393 1377/1480/1395
f 1333/1419/1337 1332/1418/1336 1363/1479/1394 1364/1481/1396
f 1347/1421/1339 1346/1420/1338 1377/1480/1395 1378/1482/1397
f 1334/1422/1340 1333/1419/1337 1364/1481/1396 1365/1451/1367
f 1321/1424/1341 1196/1483/18 1352/1453/1369
f 1348/1425/1342 1347/1421/1339 1378/1482/1397 1379/1455/1371
f 1368/1460/1376 1367/1457/1373 1398/1484/1398 1399/1485/1399
f 1355/1461/1377 1354/1458/1374 1385/1486/1400 1386/1487/1401
f 1382/1462/1378 1381/1459/1375 1412/1488/1402 1413/1489/1403
f 1369/1463/1379 1368/1460/1376 1399/1485/1399 1400/1490/1404
f 1356/1464/1380 1355/1461/1377 1386/1487/1401 1387/1491/1405
f 389/1492/44 1382/1462/1378 1413/1489/1403
f 1370/1466/1381 1369/1463/1379 1400/1490/1404 1401/1493/1406
f 1357/1467/1382 1356/1464/1380 1387/1491/1405 1388/1494/1407
f 1371/1468/1383 1370/1466/1381 1401/1493/1406 1402/1495/1408
f 1358/1469/1384 1357/1467/1382 1388/1494/1407 1389/1496/1409
f 1372/1470/1385 1371/1468/1383 1402/1495/1408 1403/1497/1410
f 1359/1471/1386 1358/1469/1384 1389/1496/1409 1390/1498/1411
f 1373/1472/1387 1372/1470/1385 1403/1497/1410 1404/1499/1412
f 1360/1473/1388 1359/1471/1386 1390/1498/1411 1391/1500/1413
f 1374/1474/1389 1373/1472/1387 1404/1499/1412 1405/1501/1414
f 1361/1475/1390 1360/1473/1388 1391/1500/1413 1392/1502/1415
f 1375/1476/1391 1374/1474/1389 1405/1501/1414 1406/1503/1416
f 1362/1477/1392 1361/1475/1390 1392/1502/1415 1393/1504/1417
f 1376/1478/1393 1375/1476/1391 1406/1503/1416 1407/1505/1418
f 1363/1479/1394 1362/1477/1392 1393/1504/1417 1394/1506/1419
f 1377/1480/1395 1376/1478/1393 1407/1505/1418 1408/1507/1420
f 1364/1481/1396 1363/1479/1394 1394/1506/1419 1395/1508/1421
f 1378/1482/1397 1377/1480/1395 1408/1507/1420 1409/1509/1422
f 1365/1451/1367 1364/1481/1396 1395/1508/1421 1396/1510/1423
f 1352/1453/1369 1196/1511/18 1383/1512/1424
f 1379/1455/1371 1378/1482/1397 1409/1509/1422 1410/1513/1425
f 1366/1452/1368 1365/1451/1367 1396/1510/1423 1397/1514/1426
f 1353/1454/1370 1352/1453/1369 1383/1512/1424 1384/1515/1427
f 1380/1456/1372 1379/1455/1371 1410/1513/1425 1411/1516/1428
f 1367/1457/1373 1366/1452/1368 1397/1514/1426 1398/1484/1398
f 1354/1458/1374 1353/1454/1370 1384/1515/1427 1385/1486/1400
f 1381/1459/1375 1380/1456/1372 1411/1516/1428 1412/1488/1402
f 1401/1493/1406 1400/1490/1404 1431/1517/1429 1432/1518/1430
f 1388/1494/1407 1387/1491/1405 1418/1519/1431 1419/1520/1432
f 1402/1495/1408 1401/1493/1406 1432/1518/1430 1433/1521/1433
f 1389/1496/1409 1388/1494/1407 1419/1520/1432 1420/1522/1434
f 1403/1497/1410 1402/1495/1408 1433/1521/1433 1434/1523/1435
f 1390/1498/1411 1389/1496/1409 1420/1522/1434 1421/1524/1436
f 1404/1499/1412 1403/1497/1410 1434/1523/1435 1435/1525/1437
f 1391/1500/1413 1390/1498/1411 1421/1524/1436 1422/1526/1438
f 1405/1501/1414 1404/1499/1412 1435/1525/1437 1436/1527/1439
f 1392/1502/1415 1391/1500/1413 1422/1526/1438 1423/1528/1440
f 1406/1503/1416 1405/1501/1414 1436/1527/1439 1437/1529/1441
f 1393/1504/1417 1392/1502/1415 1423/1528/1440 1424/1530/1442
f 1407/1505/1418 1406/1503/1416 1437/1529/1441 1438/1531/1443
f 1394/1506/1419 1393/1504/1417 1424/1530/1442 1425/1532/1444
f 1408/1507/1420 1407/1505/1418 1438/1531/1443 1439/1533/1445
f 1395/1508/1421 1394/1506/1419 1425/1532/1444 1426/1534/1446
f 1409/1509/1422 1408/1507/1420 1439/1533/1445 1440/1535/1447
f 1396/1510/1423 1395/1508/1421 1426/1534/1446 1427/1536/1448
f 1383/1512/1424 1196/1537/18 1414/1538/1449
f 1410/1513/1425 1409/1509/1422 1440/1535/1447 1441/1539/1450
f 1397/1514/1426 1396/1510/1423 1427/1536/1448 1428/1540/1451
f 1384/1515/1427 1383/1512/1424 1414/1538/1449 1415/1541/1452
f 1411/1516/1428 1410/1513/1425 1441/1539/1450 1442/1542/1453
f 1398/1484/1398 1397/1514/1426 1428/1540/1451 1429/1543/1454
f 1385/1486/1400 1384/1515/1427 1415/1541/1452 1416/1544/1455
f 1412/1488/1402 1411/1516/1428 1442/1542/1453 1443/1545/1456
f 1399/1485/1399 1398/1484/1398 1429/1543/1454 1430/1546/1457
f 1386/1487/1401 1385/1486/1400 1416/1544/1455 1417/1547/1458
f 1413/1489/1403 1412/1488/1402 1443/1545/1456 1444/1548/1459
f 1400/1490/1404 1399/1485/1399 1430/1546/1457 1431/1517/1429
f 1387/1491/1405 1386/1487/1401 1417/1547/1458 1418/1519/1431
f 389/1549/44 1413/1489/1403 1444/1548/1459
f 1434/1523/1435 1433/1521/1433 1464/1550/1460 1465/1551/1461
f 1421/1524/1436 1420/1522/1434 1451/1552/1462 1452/1553/1463
f 1435/1525/1437 1434/1523/1435 1465/1551/1461 1466/1554/1464
f 1422/1526/1438 1421/1524/1436 1452/1553/1463 1453/1555/1465
f 1436/1527/1439 1435/1525/1437 1466/1554/1464 1467/1556/1466
f 1423/1528/1440 1422/1526/1438 1453/1555/1465 1454/1557/1467
f 1437/1529/1441 1436/1527/1439 1467/1556/1466 1468/1558/1468
f 1424/1530/1442 1423/1528/1440 1454/1557/1467 1455/1559/1469
f 1438/1531/1443 1437/1529/1441 1468/1558/1468 1469/1560/1470
f 1425/1532/1444 1424/1530/1442 1455/1559/1469 1456/1561/1471
f 1439/1533/1445 1438/1531/1443 1469/1560/1470 1470/1562/1472
f 1426/1534/1446 1425/1532/1444 1456/1561/1471 1457/1563/1473
f 1440/1535/1447 1439/1533/1445 1470/1562/1472 1471/1564/1474
f 1427/1536/1448 1426/1534/1446 1457/1563/1473 1458/1565/1475
f 1414/1538/1449 1196/1566/18 1445/1567/1476
f 1441/1539/1450 1440/1535/1447 1471/1564/1474 1472/1568/1477
f 1428/1540/1451 1427/1536/1448 1458/1565/1475 1459/1569/1478
f 1415/1541/1452 1414/1538/1449 1445/1567/1476 1446/1570/1479
f 1442/1542/1453 1441/1539/1450 1472/1568/1477 1473/1571/1480
f 1429/1543/1454 1428/1540/1451 1459/1569/1478 1460/1572/1481
f 1416/1544/1455 1415/1541/1452 1446/1570/1479 1447/1573/1482
f 1443/1545/1456 1442/1542/1453 1473/1571/1480 1474/1574/1483
f 1430/1546/1457 1429/1543/1454 1460/1572/1481 1461/1575/1484
f 1417/1547/1458 1416/1544/1455 1447/1573/1482 1448/1576/1485
f 1444/1548/1459 1443/1545/1456 1474/1574/1483 1475/1577/1486
f 1431/1517/1429 1430/1546/1457 1461/1575/1484 1462/1578/1487
f 1418/1519/1431 1417/1547/1458 1448/1576/1485 1449/1579/1488
f 389/1580/44 1444/1548/1459 1475/1577/1486
f 1432/1518/1430 1431/1517/1429 1462/1578/1487 1463/1581/1489
f 1419/1520/1432 1418/1519/1431 1449/1579/1488 1450/1582/1490
f 1433/1521/1433 1432/1518/1430 1463/1581/1489 1464/1550/1460
f 1420/1522/1434 1419/1520/1432 1450/1582/1490 1451/1552/1462
f 1467/1556/1466 1466/1554/1464 1497/1583/1491 1498/1584/1492
f 1454/1557/1467 1453/1555/1465 1484/1585/1493 1485/1586/1494
f 1468/1558/1468 1467/1556/1466 1498/1584/1492 1499/1587/1495
f 1455/1559/1469 1454/1557/1467 1485/1586/1494 1486/1588/1496
f 1469/1560/1470 1468/1558/1468 1499/1587/1495 1500/1589/1497
f 1456/1561/1471 1455/1559/1469 1486/1588/1496 1487/1590/1498
f 1470/1562/1472 1469/1560/1470 1500/1589/1497 1501/1591/1499
f 1457/1563/1473 1456/1561/1471 1487/1590/1498 1488/1592/1500
f 1471/1564/1474 1470/1562/1472 1501/1591/1499 1502/1593/1501
f 1458/1565/1475 1457/1563/1473 1488/1592/1500 1489/1594/1502
f 1445/1567/1476 1196/1595/18 1476/1596/1503
f 1472/1568/1477 1471/1564/1474 1502/1593/1501 1503/1597/1504
f 1459/1569/1478 1458/1565/1475 1489/1594/1502 1490/1598/1505
f 1446/1570/1479 1445/1567/1476 1476/1596/1503 1477/1599/1506
f 1473/1571/1480 1472/1568/1477 1503/1597/1504 1504/1600/1507
f 1460/1572/1481 1459/1569/1478 1490/1598/1505 1491/1601/1508
f 1447/1573/1482 1446/1570/1479 1477/1599/1506 1478/1602/1509
f 1474/1574/1483 1473/1571/1480 1504/1600/1507 1505/1603/1510
f 1461/1575/1484 1460/1572/1481 1491/1601/1508 1492/1604/1511
f 1448/1576/1485 1447/1573/1482 1478/1602/1509 1479/1605/1512
f 1475/1577/1486 1474/1574/1483 1505/1603/1510 1506/1606/1513
f 1462/1578/1487 1461/1575/1484 1492/1604/1511 1493/1607/1514
f 1449/1579/1488 1448/1576/1485 1479/1605/1512 1480/1608/1515
f 389/1609/44 1475/1577/1486 1506/1606/1513
f 1463/1581/1489 1462/1578/1487 1493/1607/1514 1494/1610/1516
f 1450/1582/1490 1449/1579/1488 1480/1608/1515 1481/1611/1517
f 1464/1550/1460 1463/1581/1489 1494/1610/1516 1495/1612/1518
f 1451/1552/1462 1450/1582/1490 1481/1611/1517 1482/1613/1519
f 1465/1551/1461 1464/1550/1460 1495/1612/1518 1496/1614/1520
f 1452/1553/1463 1451/1552/1462 1482/1613/1519 1483/1615/1521
f 1466/1554/1464 1465/1551/1461 1496/1614/1520 1497/1583/1491
f 1453/1555/1465 1452/1553/1463 1483/1615/1521 1484/1585/1493
f 1500/1616/1497 1499/1617/1495 1530/1618/1522 1531/1619/1523
f 1487/1620/1498 1486/1621/1496 1517/1622/1524 1518/1623/1525
f 1501/1624/1499 1500/1616/1497 1531/1619/1523 1532/1625/1526
f 1488/1626/1500 1487/1620/1498 1518/1623/1525 1519/1627/1527
f 1502/1628/1501 1501/1624/1499 1532/1625/1526 1533/1629/1528
f 1489/1630/1502 1488/1626/1500 1519/1627/1527 1520/1631/1529
f 1476/1632/1503 1196/1633/18 1507/1634/1530
f 1503/1635/1504 1502/1628/1501 1533/1629/1528 1534/1636/1531
f 1490/1637/1505 1489/1630/1502 1520/1631/1529 1521/1638/1532
f 1477/1639/1506 1476/1632/1503 1507/1634/1530 1508/1640/1533
f 1504/1641/1507 1503/1635/1504 1534/1636/1531 1535/1642/1534
f 1491/1643/1508 1490/1637/1505 1521/1638/1532 1522/1644/1535
f 1478/1645/1509 1477/1639/1506 1508/1640/1533 1509/1646/1536
f 1505/1647/1510 1504/1641/1507 1535/1642/1534 1536/1648/1537
f 1492/1649/1511 1491/1643/1508 1522/1644/1535 1523/1650/1538
f 1479/1651/1512 1478/1645/1509 1509/1646/1536 1510/1652/1539
f 1506/1653/1513 1505/1647/1510 1536/1648/1537 1537/1654/1540
f 1493/1655/1514 1492/1649/1511 1523/1650/1538 1524/1656/1541
f 1480/1657/1515 1479/1651/1512 1510/1652/1539 1511/1658/1542
f 389/1659/44 1506/1653/1513 1537/1654/1540
f 1494/1660/1516 1493/1655/1514 1524/1656/1541 1525/1661/1543
f 1481/1662/1517 1480/1657/1515 1511/1658/1542 1512/1663/1544
f 1495/1664/1518 1494/1660/1516 1525/1661/1543 1526/1665/1545
f 1482/1666/1519 1481/1662/1517 1512/1663/1544 1513/1667/1546
f 1496/1668/1520 1495/1664/1518 1526/1665/1545 1527/1669/1547
f 1483/1670/1521 1482/1666/1519 1513/1667/1546 1514/1671/1548
f 1497/1672/1491 1496/1668/1520 1527/1669/1547 1528/1673/1549
f 1484/1674/1493 1483/1670/1521 1514/1671/1548 1515/1675/1550
f 1498/1676/1492 1497/1672/1491 1528/1673/1549 1529/1677/1551
f 1485/1678/1494 1484/1674/1493 1515/1675/1550 1516/1679/1552
f 1499/1617/1495 1498/1676/1492 1529/1677/1551 1530/1618/1522
f 1486/1621/1496 1485/1678/1494 1516/1679/1552 1517/1622/1524
f 1533/1629/1528 1532/1625/1526 1563/1680/1553 1564/1681/1554
f 1520/1631/1529 1519/1627/1527 1550/1682/1555 1551/1683/1556
f 1507/1634/1530 1196/1684/18 1538/1685/1557
f 1534/1636/1531 1533/1629/1528 1564/1681/1554 1565/1686/1558
f 1521/1638/1532 1520/1631/1529 1551/1683/1556 1552/1687/1559
f 1508/1640/1533 1507/1634/1530 1538/1685/1557 1539/1688/1560
f 1535/1642/1534 1534/1636/1531 1565/1686/1558 1566/1689/1561
f 1522/1644/1535 1521/1638/1532 1552/1687/1559 1553/1690/1562
f 1509/1646/1536 1508/1640/1533 1539/1688/1560 1540/1691/1563
f 1536/1648/1537 1535/1642/1534 1566/1689/1561 1567/1692/1564
f 1523/1650/1538 1522/1644/1535 1553/1690/1562 1554/1693/1565
f 1510/1652/1539 1509/1646/1536 1540/1691/1563 1541/1694/1566
f 1537/1654/1540 1536/1648/1537 1567/1692/1564 1568/1695/1567
f 1524/1656/1541 1523/1650/1538 1554/1693/1565 1555/1696/1568
f 1511/1658/1542 1510/1652/1539 1541/1694/1566 1542/1697/1569
f 389/1698/44 1537/1654/1540 1568/1695/1567
f 1525/1661/1543 1524/1656/1541 1555/1696/1568 1556/1699/1570
f 1512/1663/1544 1511/1658/1542 1542/1697/1569 1543/1700/1571
f 1526/1665/1545 1525/1661/1543 1556/1699/1570 1557/1701/1572
f 1513/1667/1546 1512/1663/1544 1543/1700/1571 1544/1702/1573
f 1527/1669/1547 1526/1665/1545 1557/1701/1572 1558/1703/1574
f 1514/1671/1548 1513/1667/1546 1544/1702/1573 1545/1704/1575
f 1528/1673/1549 1527/1669/1547 1558/1703/1574 1559/1705/1576
f 1515/1675/1550 1514/1671/1548 1545/1704/1575 1546/1706/1577
f 1529/1677/1551 1528/1673/1549 1559/1705/1576 1560/1707/1578
f 1516/1679/1552 1515/1675/1550 1546/1706/1577 1547/1708/1579
f 1530/1618/1522 1529/1677/1551 1560/1707/1578 1561/1709/1580
f 1517/1622/1524 1516/1679/1552 1547/1708/1579 1548/1710/1581
f 1531/1619/1523 1530/1618/1522 1561/1709/1580 1562/1711/1582
f 1518/1623/1525 1517/1622/1524 1548/1710/1581 1549/1712/1583
f 1532/1625/1526 1531/1619/1523 1562/1711/1582 1563/1680/1553
f 1519/1627/1527 1518/1623/1525 1549/1712/1583 1550/1682/1555
f 1566/1689/1561 1565/1686/1558 1596/1713/1584 1597/1714/1585
f 1553/1690/1562 1552/1687/1559 1583/1715/1586 1584/1716/1587
f 1540/1691/1563 1539/1688/1560 1570/1717/1588 1571/1718/1589
f 1567/1692/1564 1566/1689/1561 1597/1714/1585 1598/1719/1590
f 1554/1693/1565 1553/1690/1562 1584/1716/1587 1585/1720/1591
f 1541/1694/1566 1540/1691/1563 1571/1718/1589 1572/1721/1592
f 1568/1695/1567 1567/1692/1564 1598/1719/1590 1599/1722/1593
f 1555/1696/1568 1554/1693/1565 1585/1720/1591 1586/1723/1594
f 1542/1697/1569 1541/1694/1566 1572/1721/1592 1573/1724/1595
f 389/1725/44 1568/1695/1567 1599/1722/1593
f 1556/1699/1570 1555/1696/1568 1586/1723/1594 1587/1726/1596
f 1543/1700/1571 1542/1697/1569 1573/1724/1595 1574/1727/1597
f 1557/1701/1572 1556/1699/1570 1587/1726/1596 1588/1728/1598
f 1544/1702/1573 1543/1700/1571 1574/1727/1597 1575/1729/1599
f 1558/1703/1574 1557/1701/1572 1588/1728/1598 1589/1730/1600
f 1545/1704/1575 1544/1702/1573 1575/1729/1599 1576/1731/1601
f 1559/1705/1576 1558/1703/1574 1589/1730/1600 1590/1732/1602
f 1546/1706/1577 1545/1704/1575 1576/1731/1601 1577/1733/1603
f 1560/1707/1578 1559/1705/1576 1590/1732/1602 1591/1734/1604
f 1547/1708/1579 1546/1706/1577 1577/1733/1603 1578/1735/1605
f 1561/1709/1580 1560/1707/1578 1591/1734/1604 1592/1736/1606
f 1548/1710/1581 1547/1708/1579 1578/1735/1605 1579/1737/1607
f 1562/1711/1582 1561/1709/1580 1592/1736/1606 1593/1738/1608
f 1549/1712/1583 1548/1710/1581 1579/1737/1607 1580/1739/1609
f 1563/1680/1553 1562/1711/1582 1593/1738/1608 1594/1740/1610
f 1550/1682/1555 1549/1712/1583 1580/1739/1609 1581/1741/1611
f 1564/1681/1554 1563/1680/1553 1594/1740/1610 1595/1742/1612
f 1551/1683/1556 1550/1682/1555 1581/1741/1611 1582/1743/1613
f 1538/1685/1557 1196/1744/18 1569/1745/1614
f 1565/1686/1558 1564/1681/1554 1595/1742/1612 1596/1713/1584
f 1552/1687/1559 1551/1683/1556 1582/1743/1613 1583/1715/1586
f 1539/1688/1560 1538/1685/1557 1569/1745/1614 1570/1717/1588
f 1590/1732/1602 1589/1730/1600 1620/1746/1615 1621/1747/1616
f 1577/1733/1603 1576/1731/1601 1607/1748/1617 1608/1749/1618
f 1591/1734/1604 1590/1732/1602 1621/1747/1616 1622/1750/1619
f 1578/1735/1605 1577/1733/1603 1608/1749/1618 1609/1751/1620
f 1592/1736/1606 1591/1734/1604 1622/1750/1619 1623/1752/1621
f 1579/1737/1607 1578/1735/1605 1609/1751/1620 1610/1753/1622
f 1593/1738/1608 1592/1736/1606 1623/1752/1621 1624/1754/1623
f 1580/1739/1609 1579/1737/1607 1610/1753/1622 1611/1755/1624
f 1594/1740/1610 1593/1738/1608 1624/1754/1623 1625/1756/1625
f 1581/1741/1611 1580/1739/1609 1611/1755/1624 1612/1757/1626
f 1595/1742/1612 1594/1740/1610 1625/1756/1625 1626/1758/1627
f 1582/1743/1613 1581/1741/1611 1612/1757/1626 1613/1759/1628
f 1569/1745/1614 1196/1760/18 1600/1761/1629
f 1596/1713/1584 1595/1742/1612 1626/1758/1627 1627/1762/1630
f 1583/1715/1586 1582/1743/1613 1613/1759/1628 1614/1763/1631
f 1570/1717/1588 1569/1745/1614 1600/1761/1629 1601/1764/1632
f 1597/1714/1585 1596/1713/1584 1627/1762/1630 1628/1765/1633
f 1584/1716/1587 1583/1715/1586 1614/1763/1631 1615/1766/1634
f 1571/1718/1589 1570/1717/1588 1601/1764/1632 1602/1767/1635
f 1598/1719/1590 1597/1714/1585 1628/1765/1633 1629/1768/1636
f 1585/1720/1591 1584/1716/1587 1615/1766/1634 1616/1769/1637
f 1572/1721/1592 1571/1718/1589 1602/1767/1635 1603/1770/1638
f 1599/1722/1593 1598/1719/1590 1629/1768/1636 1630/1771/1639
f 1586/1723/1594 1585/1720/1591 1616/1769/1637 1617/1772/1640
f 1573/1724/1595 1572/1721/1592 1603/1770/1638 1604/1773/1641
f 389/1774/44 1599/1722/1593 1630/1771/1639
f 1587/1726/1596 1586/1723/1594 1617/1772/1640 1618/1775/1642
f 1574/1727/1597 1573/1724/1595 1604/1773/1641 1605/1776/1643
f 1588/1728/1598 1587/1726/1596 1618/1775/1642 1619/1777/1644
f 1575/1729/1599 1574/1727/1597 1605/1776/1643 1606/1778/1645
f 1589/1730/1600 1588/1728/1598 1619/1777/1644 1620/1746/1615
f 1576/1731/1601 1575/1729/1599 1606/1778/1645 1607/1748/1617
f 1623/1752/1621 1622/1750/1619 1653/1779/1646 1654/1780/1647
f 1610/1753/1622 1609/1751/1620 1640/1781/1648 1641/1782/1649
f 1624/1754/1623 1623/1752/1621 1654/1780/1647 1655/1783/1650
f 1611/1755/1624 1610/1753/1622 1641/1782/1649 1642/1784/1651
f 1625/1756/1625 1624/1754/1623 1655/1783/1650 1656/1785/1652
f 1612/1757/1626 1611/1755/1624 1642/1784/1651 1643/1786/1653
f 1626/1758/1627 1625/1756/1625 1656/1785/1652 1657/1787/1654
f 1613/1759/1628 1612/1757/1626 1643/1786/1653 1644/1788/1655
f 1600/1761/1629 1196/1789/18 1631/1790/1656
f 1627/1762/1630 1626/1758/1627 1657/1787/1654 1658/1791/1657
f 1614/1763/1631 1613/1759/1628 1644/1788/1655 1645/1792/1658
f 1601/1764/1632 1600/1761/1629 1631/1790/1656 1632/1793/1659
f 1628/1765/1633 1627/1762/1630 1658/1791/1657 1659/1794/1660
f 1615/1766/1634 1614/1763/1631 1645/1792/1658 1646/1795/1661
f 1602/1767/1635 1601/1764/1632 1632/1793/1659 1633/1796/1662
f 1629/1768/1636 1628/1765/1633 1659/1794/1660 1660/1797/1663
f 1616/1769/1637 1615/1766/1634 1646/1795/1661 1647/1798/1664
f 1603/1770/1638 1602/1767/1635 1633/1796/1662 1634/1799/1665
f 1630/1771/1639 1629/1768/1636 1660/1797/1663 1661/1800/1666
f 1617/1772/1640 1616/1769/1637 1647/1798/1664 1648/1801/1667
f 1604/1773/1641 1603/1770/1638 1634/1799/1665 1635/1802/1668
f 389/1803/44 1630/1771/1639 1661/1800/1666
f 1618/1775/1642 1617/1772/1640 1648/1801/1667 1649/1804/1669
f 1605/1776/1643 1604/1773/1641 1635/1802/1668 1636/1805/1670
f 1619/1777/1644 1618/1775/1642 1649/1804/1669 1650/1806/1671
f 1606/1778/1645 1605/1776/1643 1636/1805/1670 1637/1807/1672
f 1620/1746/1615 1619/1777/1644 1650/1806/1671 1651/1808/1673
f 1607/1748/1617 1606/1778/1645 1637/1807/1672 1638/1809/1674
f 1621/1747/1616 1620/1746/1615 1651/1808/1673 1652/1810/1675
f 1608/1749/1618 1607/1748/1617 1638/1809/1674 1639/1811/1676
f 1622/1750/1619 1621/1747/1616 1652/1810/1675 1653/1779/1646
f 1609/1751/1620 1608/1749/1618 1639/1811/1676 1640/1781/1648
f 1656/1785/1652 1655/1783/1650 1686/1812/1677 1687/1813/1678
f 1643/1786/1653 1642/1784/1651 1673/1814/1679 1674/1815/1680
f 1657/1787/1654 1656/1785/1652 1687/1813/1678 1688/1816/1681
f 1644/1788/1655 1643/1786/1653 1674/1815/1680 1675/1817/1682
f 1631/1790/1656 1196/1818/18 1662/1819/1683
f 1658/1791/1657 1657/1787/1654 1688/1816/1681 1689/1820/1684
f 1645/1792/1658 1644/1788/1655 1675/1817/1682 1676/1821/1685
f 1632/1793/1659 1631/1790/1656 1662/1819/1683 1663/1822/1686
f 1659/1794/1660 1658/1791/1657 1689/1820/1684 1690/1823/1687
f 1646/1795/1661 1645/1792/1658 1676/1821/1685 1677/1824/1688
f 1633/1796/1662 1632/1793/1659 1663/1822/1686 1664/1825/1689
f 1660/1797/1663 1659/1794/1660 1690/1823/1687 1691/1826/1690
f 1647/1798/1664 1646/1795/1661 1677/1824/1688 1678/1827/1691
f 1634/1799/1665 1633/1796/1662 1664/1825/1689 1665/1828/1692
f 1661/1800/1666 1660/1797/1663 1691/1826/1690 1692/1829/1693
f 1648/1801/1667 1647/1798/1664 1678/1827/1691 1679/1830/1694
f 1635/1802/1668 1634/1799/1665 1665/1828/1692 1666/1831/1695
f 389/1832/44 1661/1800/1666 1692/1829/1693
f 1649/1804/1669 1648/1801/1667 1679/1830/1694 1680/1833/1696
f 1636/1805/1670 1635/1802/1668 1666/1831/1695 1667/1834/1697
f 1650/1806/1671 1649/1804/1669 1680/1833/1696 1681/1835/1698
f 1637/1807/1672 1636/1805/1670 1667/1834/1697 1668/1836/1699
f 1651/1808/1673 1650/1806/1671 1681/1835/1698 1682/1837/1700
f 1638/1809/1674 1637/1807/1672 1668/1836/1699 1669/1838/1701
f 1652/1810/1675 1651/1808/1673 1682/1837/1700 1683/1839/1702
f 1639/1811/1676 1638/1809/1674 1669/1838/1701 1670/1840/1703
f 1653/1779/1646 1652/1810/1675 1683/1839/1702 1684/1841/1704
f 1640/1781/1648 1639/1811/1676 1670/1840/1703 1671/1842/1705
f 1654/1780/1647 1653/1779/1646 1684/1841/1704 1685/1843/1706
f 1641/1782/1649 1640/1781/1648 1671/1842/1705 1672/1844/1707
f 1655/1783/1650 1654/1780/1647 1685/1843/1706 1686/1812/1677
f 1642/1784/1651 1641/1782/1649 1672/1844/1707 1673/1814/1679
f 1662/1819/1683 1196/1845/18 1693/1846/1708
f 1689/1820/1684 1688/1816/1681 1719/1847/1709 1720/1848/1710
f 1676/1821/1685 1675/1817/1682 1706/1849/1711 1707/1850/1712
f 1663/1822/1686 1662/1819/1683 1693/1846/1708 1694/1851/1713
f 1690/1823/1687 1689/1820/1684 1720/1848/1710 1721/1852/1714
f 1677/1824/1688 1676/1821/1685 1707/1850/1712 1708/1853/1715
f 1664/1825/1689 1663/1822/1686 1694/1851/1713 1695/1854/1716
f 1691/1826/1690 1690/1823/1687 1721/1852/1714 1722/1855/1717
f 1678/1827/1691 1677/1824/1688 1708/1853/1715 1709/1856/1718
f 1665/1828/1692 1664/1825/1689 1695/1854/1716 1696/1857/1719
f 1692/1829/1693 1691/1826/1690 1722/1855/1717 1723/1858/1720
f 1679/1830/1694 1678/1827/1691 1709/1856/1718 1710/1859/1721
f 1666/1831/1695 1665/1828/1692 1696/1857/1719 1697/1860/1722
f 389/1861/44 1692/1829/1693 1723/1858/1720
f 1680/1833/1696 1679/1830/1694 1710/1859/1721 1711/1862/1723
f 1667/1834/1697 1666/1831/1695 1697/1860/1722 1698/1863/1724
f 1681/1835/1698 1680/1833/1696 1711/1862/1723 1712/1864/1725
f 1668/1836/1699 1667/1834/1697 1698/1863/1724 1699/1865/1726
f 1682/1837/1700 1681/1835/1698 1712/1864/1725 1713/1866/1727
f 1669/1838/1701 1668/1836/1699 1699/1865/1726 1700/1867/1728
f 1683/1839/1702 1682/1837/1700 1713/1866/1727 1714/1868/1729
f 1670/1840/1703 1669/1838/1701 1700/1867/1728 1701/1869/1730
f 1684/1841/1704 1683/1839/1702 1714/1868/1729 1715/1870/1731
f 1671/1842/1705 1670/1840/1703 1701/1869/1730 1702/1871/1732
f 1685/1843/1706 1684/1841/1704 1715/1870/1731 1716/1872/1733
f 1672/1844/1707 1671/1842/1705 1702/1871/1732 1703/1873/1734
f 1686/1812/1677 1685/1843/1706 1716/1872/1733 1717/1874/1735
f 1673/1814/1679 1672/1844/1707 1703/1873/1734 1704/1875/1736
f 1687/1813/1678 1686/1812/1677 1717/1874/1735 1718/1876/1737
f 1674/1815/1680 1673/1814/1679 1704/1875/1736 1705/1877/1738
f 1688/1816/1681 1687/1813/1678 1718/1876/1737 1719/1847/1709
f 1675/1817/1682 1674/1815/1680 1705/1877/1738 1706/1849/1711
f 1695/1854/1716 1694/1851/1713 1725/1878/1739 1726/1879/1740
f 1722/1855/1717 1721/1852/1714 1752/1880/1741 1753/1881/1742
f 1709/1856/1718 1708/1853/1715 1739/1882/1743 1740/1883/1744
f 1696/1857/1719 1695/1854/1716 1726/1879/1740 1727/1884/1745
f 1723/1858/1720 1722/1855/1717 1753/1881/1742 1754/1885/1746
f 1710/1859/1721 1709/1856/1718 1740/1883/1744 1741/1886/1747
f 1697/1860/1722 1696/1857/1719 1727/1884/1745 1728/1887/1748
f 389/1888/44 1723/1858/1720 1754/1885/1746
f 1711/1862/1723 1710/1859/1721 1741/1886/1747 1742/1889/1749
f 1698/1863/1724 1697/1860/1722 1728/1887/1748 1729/1890/1750
f 1712/1864/1725 1711/1862/1723 1742/1889/1749 1743/1891/1751
f 1699/1865/1726 1698/1863/1724 1729/1890/1750 1730/1892/1752
f 1713/1866/1727 1712/1864/1725 1743/1891/1751 1744/1893/1753
f 1700/1867/1728 1699/1865/1726 1730/1892/1752 1731/1894/1754
f 1714/1868/1729 1713/1866/1727 1744/1893/1753 1745/1895/1755
f 1701/1869/1730 1700/1867/1728 1731/1894/1754 1732/1896/1756
f 1715/1870/1731 1714/1868/1729 1745/1895/1755 1746/1897/1757
f 1702/1871/1732 1701/1869/1730 1732/1896/1756 1733/1898/1758
f 1716/1872/1733 1715/1870/1731 1746/1897/1757 1747/1899/1759
f 1703/1873/1734 1702/1871/1732 1733/1898/1758 1734/1900/1760
f 1717/1874/1735 1716/1872/1733 1747/1899/1759 1748/1901/1761
f 1704/1875/1736 1703/1873/1734 1734/1900/1760 1735/1902/1762
f 1718/1876/1737 1717/1874/1735 1748/1901/1761 1749/1903/1763
f 1705/1877/1738 1704/1875/1736 1735/1902/1762 1736/1904/1764
f 1719/1847/1709 1718/1876/1737 1749/1903/1763 1750/1905/1765
f 1706/1849/1711 1705/1877/1738 1736/1904/1764 1737/1906/1766
f 1693/1846/1708 1196/1907/18 1724/1908/1767
f 1720/1848/1710 1719/1847/1709 1750/1905/1765 1751/1909/1768
f 1707/1850/1712 1706/1849/1711 1737/1906/1766 1738/1910/1769
f 1694/1851/1713 1693/1846/1708 1724/1908/1767 1725/1878/1739
f 1721/1852/1714 1720/1848/1710 1751/1909/1768 1752/1880/1741
f 1708/1853/1715 1707/1850/1712 1738/1910/1769 1739/1882/1743
f 1728/1887/1748 1727/1884/1745 1758/1911/1770 1759/1912/1771
f 389/1913/44 1754/1885/1746 1785/1914/1772
f 1742/1889/1749 1741/1886/1747 1772/1915/1773 1773/1916/1774
f 1729/1890/1750 1728/1887/1748 1759/1912/1771 1760/1917/1775
f 1743/1891/1751 1742/1889/1749 1773/1916/1774 1774/1918/1776
f 1730/1892/1752 1729/1890/1750 1760/1917/1775 1761/1919/1777
f 1744/1893/1753 1743/1891/1751 1774/1918/1776 1775/1920/1778
f 1731/1894/1754 1730/1892/1752 1761/1919/1777 1762/1921/1779
f 1745/1895/1755 1744/1893/1753 1775/1920/1778 1776/1922/1780
f 1732/1896/1756 1731/1894/1754 1762/1921/1779 1763/1923/1781
f 1746/1897/1757 1745/1895/1755 1776/1922/1780 1777/1924/1782
f 1733/1898/1758 1732/1896/1756 1763/1923/1781 1764/1925/1783
f 1747/1899/1759 1746/1897/1757 1777/1924/1782 1778/1926/1784
f 1734/1900/1760 1733/1898/1758 1764/1925/1783 1765/1927/1785
f 1748/1901/1761 1747/1899/1759 1778/1926/1784 1779/1928/1786
f 1735/1902/1762 1734/1900/1760 1765/1927/1785 1766/1929/1787
f 1749/1903/1763 1748/1901/1761 1779/1928/1786 1780/1930/1788
f 1736/1904/1764 1735/1902/1762 1766/1929/1787 1767/1931/1789
f 1750/1905/1765 1749/1903/1763 1780/1930/1788 1781/1932/1790
f 1737/1906/1766 1736/1904/1764 1767/1931/1789 1768/1933/1791
f 1724/1908/1767 1196/1934/18 1755/1935/1792
f 1751/1909/1768 1750/1905/1765 1781/1932/1790 1782/1936/1793
f 1738/1910/1769 1737/1906/1766 1768/1933/1791 1769/1937/1794
f 1725/1878/1739 1724/1908/1767 1755/1935/1792 1756/1938/1795
f 1752/1880/1741 1751/1909/1768 1782/1936/1793 1783/1939/1796
f 1739/1882/1743 1738/1910/1769 1769/1937/1794 1770/1940/1797
f 1726/1879/1740 1725/1878/1739 1756/1938/1795 1757/1941/1798
f 1753/1881/1742 1752/1880/1741 1783/1939/1796 1784/1942/1799
f 1740/1883/1744 1739/1882/1743 1770/1940/1797 1771/1943/1800
f 1727/1884/1745 1726/1879/1740 1757/1941/1798 1758/1911/1770
f 1754/1885/1746 1753/1881/1742 1784/1942/1799 1785/1914/1772
f 1741/1886/1747 1740/1883/1744 1771/1943/1800 1772/1915/1773
f 1761/1919/1777 1760/1917/1775 1791/1944/1801 1792/1945/1802
f 1775/1920/1778 1774/1918/1776 1805/1946/1803 1806/1947/1804
f 1762/1921/1779 1761/1919/1777 1792/1945/1802 1793/1948/1805
f 1776/1922/1780 1775/1920/1778 1806/1947/1804 1807/1949/1806
f 1763/1923/1781 1762/1921/1779 1793/1948/1805 1794/1950/1807
f 1777/1924/1782 1776/1922/1780 1807/1949/1806 1808/1951/1808
f 1764/1925/1783 1763/1923/1781 1794/1950/1807 1795/1952/1809
f 1778/1926/1784 1777/1924/1782 1808/1951/1808 1809/1953/1810
f 1765/1927/1785 1764/1925/1783 1795/1952/1809 1796/1954/1811
f 1779/1928/1786 1778/1926/1784 1809/1953/1810 1810/1955/1812
f 1766/1929/1787 1765/1927/1785 1796/1954/1811 1797/1956/1813
f 1780/1930/1788 1779/1928/1786 1810/1955/1812 1811/1957/1814
f 1767/1931/1789 1766/1929/1787 1797/1956/1813 1798/1958/1815
f 1781/1932/1790 1780/1930/1788 1811/1957/1814 1812/1959/1816
f 1768/1933/1791 1767/1931/1789 1798/1958/1815 1799/1960/1817
f 1755/1935/1792 1196/1961/18 1786/1962/1818
f 1782/1936/1793 1781/1932/1790 1812/1959/1816 1813/1963/1819
f 1769/1937/1794 1768/1933/1791 1799/1960/1817 1800/1964/1820
f 1756/1938/1795 1755/1935/1792 1786/1962/1818 1787/1965/1821
f 1783/1939/1796 1782/1936/1793 1813/1963/1819 1814/1966/1822
f 1770/1940/1797 1769/1937/1794 1800/1964/1820 1801/1967/1823
f 1757/1941/1798 1756/1938/1795 1787/1965/1821 1788/1968/1824
f 1784/1942/1799 1783/1939/1796 1814/1966/1822 1815/1969/1825
f 1771/1943/1800 1770/1940/1797 1801/1967/1823 1802/1970/1826
f 1758/1911/1770 1757/1941/1798 1788/1968/1824 1789/1971/1827
f 1785/1914/1772 1784/1942/1799 1815/1969/1825 1816/1972/1828
f 1772/1915/1773 1771/1943/1800 1802/1970/1826 1803/1973/1829
f 1759/1912/1771 1758/1911/1770 1789/1971/1827 1790/1974/1830
f 389/1975/44 1785/1914/1772 1816/1972/1828
f 1773/1916/1774 1772/1915/1773 1803/1973/1829 1804/1976/1831
f 1760/1917/1775 1759/1912/1771 1790/1974/1830 1791/1944/1801
f 1774/1918/1776 1773/1916/1774 1804/1976/1831 1805/1946/1803
f 1794/1950/1807 1793/1948/1805 1824/1977/1832 1825/1978/1833
f 1808/1951/1808 1807/1949/1806 1838/1979/1834 1839/1980/1835
f 1795/1952/1809 1794/1950/1807 1825/1978/1833 1826/1981/1836
f 1809/1953/1810 1808/1951/1808 1839/1980/1835 1840/1982/1837
f 1796/1954/1811 1795/1952/1809 1826/1981/1836 1827/1983/1838
f 1810/1955/1812 1809/1953/1810 1840/1982/1837 1841/1984/1839
f 1797/1956/1813 1796/1954/1811 1827/1983/1838 1828/1985/1840
f 1811/1957/1814 1810/1955/1812 1841/1984/1839 1842/1986/1841
f 1798/1958/1815 1797/1956/1813 1828/1985/1840 1829/1987/1842
f 1812/1959/1816 1811/1957/1814 1842/1986/1841 1843/1988/1843
f 1799/1960/1817 1798/1958/1815 1829/1987/1842 1830/1989/1844
f 1786/1962/1818 1196/1990/18 1817/1991/1845
f 1813/1963/1819 1812/1959/1816 1843/1988/1843 1844/1992/1846
f 1800/1964/1820 1799/1960/1817 1830/1989/1844 1831/1993/1847
f 1787/1965/1821 1786/1962/1818 1817/1991/1845 1818/1994/1848
f 1814/1966/1822 1813/1963/1819 1844/1992/1846 1845/1995/1849
f 1801/1967/1823 1800/1964/1820 1831/1993/1847 1832/1996/1850
f 1788/1968/1824 1787/1965/1821 1818/1994/1848 1819/1997/1851
f 1815/1969/1825 1814/1966/1822 1845/1995/1849 1846/1998/1852
f 1802/1970/1826 1801/1967/1823 1832/1996/1850 1833/1999/1853
f 1789/1971/1827 1788/1968/1824 1819/1997/1851 1820/2000/1854
f 1816/1972/1828 1815/1969/1825 1846/1998/1852 1847/2001/1855
f 1803/1973/1829 1802/1970/1826 1833/1999/1853 1834/2002/1856
f 1790/1974/1830 1789/1971/1827 1820/2000/1854 1821/2003/1857
f 389/2004/44 1816/1972/1828 1847/2001/1855
f 1804/1976/1831 1803/1973/1829 1834/2002/1856 1835/2005/1858
f 1791/1944/1801 1790/1974/1830 1821/2003/1857 1822/2006/1859
f 1805/1946/1803 1804/1976/1831 1835/2005/1858 1836/2007/1860
f 1792/1945/1802 1791/1944/1801 1822/2006/1859 1823/2008/1861
f 1806/1947/1804 1805/1946/1803 1836/2007/1860 1837/2009/1862
f 1793/1948/1805 1792/1945/1802 1823/2008/1861 1824/1977/1832
f 1807/1949/1806 1806/1947/1804 1837/2009/1862 1838/1979/1834
f 1827/1983/1838 1826/1981/1836 1857/2010/1863 1858/2011/1864
f 1841/1984/1839 1840/1982/1837 1871/2012/1865 1872/2013/1866
f 1828/1985/1840 1827/1983/1838 1858/2011/1864 1859/2014/1867
f 1842/1986/1841 1841/1984/1839 1872/2013/1866 1873/2015/1868
f 1829/1987/1842 1828/1985/1840 1859/2014/1867 1860/2016/1869
f 1843/1988/1843 1842/1986/1841 1873/2015/1868 1874/2017/1870
f 1830/1989/1844 1829/1987/1842 1860/2016/1869 1861/2018/1871
f 1817/1991/1845 1196/2019/18 1848/2020/1872
f 1844/1992/1846 1843/1988/1843 1874/2017/1870 1875/2021/1873
f 1831/1993/1847 1830/1989/1844 1861/2018/1871 1862/2022/1874
f 1818/1994/1848 1817/1991/1845 1848/2020/1872 1849/2023/1875
f 1845/1995/1849 1844/1992/1846 1875/2021/1873 1876/2024/1876
f 1832/1996/1850 1831/1993/1847 1862/2022/1874 1863/2025/1877
f 1819/1997/1851 1818/1994/1848 1849/2023/1875 1850/2026/1878
f 1846/1998/1852 1845/1995/1849 1876/2024/1876 1877/2027/1879
f 1833/1999/1853 1832/1996/1850 1863/2025/1877 1864/2028/1880
f 1820/2000/1854 1819/1997/1851 1850/2026/1878 1851/2029/1881
f 1847/2001/1855 1846/1998/1852 1877/2027/1879 1878/2030/1882
f 1834/2002/1856 1833/1999/1853 1864/2028/1880 1865/2031/1883
f 1821/2003/1857 1820/2000/1854 1851/2029/1881 1852/2032/1884
f 389/2033/44 1847/2001/1855 1878/2030/1882
f 1835/2005/1858 1834/2002/1856 1865/2031/1883 1866/2034/1885
f 1822/2006/1859 1821/2003/1857 1852/2032/1884 1853/2035/1886
f 1836/2007/1860 1835/2005/1858 1866/2034/1885 1867/2036/1887
f 1823/2008/1861 1822/2006/1859 1853/2035/1886 1854/2037/1888
f 1837/2009/1862 1836/2007/1860 1867/2036/1887 1868/2038/1889
f 1824/1977/1832 1823/2008/1861 1854/2037/1888 1855/2039/1890
f 1838/1979/1834 1837/2009/1862 1868/2038/1889 1869/2040/1891
f 1825/1978/1833 1824/1977/1832 1855/2039/1890 1856/2041/1892
f 1839/1980/1835 1838/1979/1834 1869/2040/1891 1870/2042/1893
f 1826/1981/1836 1825/1978/1833 1856/2041/1892 1857/2010/1863
f 1840/1982/1837 1839/1980/1835 1870/2042/1893 1871/2012/1865
f 1860/2016/1869 1859/2014/1867 1890/2043/1894 1891/2044/1895
f 1874/2017/1870 1873/2015/1868 1904/2045/1896 1905/2046/1897
f 1861/2018/1871 1860/2016/1869 1891/2044/1895 1892/2047/1898
f 1848/2020/1872 1196/2048/18 1879/2049/1899
f 1875/2021/1873 1874/2017/1870 1905/2046/1897 1906/2050/1900
f 1862/2022/1874 1861/2018/1871 1892/2047/1898 1893/2051/1901
f 1849/2023/1875 1848/2020/1872 1879/2049/1899 1880/2052/1902
f 1876/2024/1876 1875/2021/1873 1906/2050/1900 1907/2053/1903
f 1863/2025/1877 1862/2022/1874 1893/2051/1901 1894/2054/1904
f 1850/2026/1878 1849/2023/1875 1880/2052/1902 1881/2055/1905
f 1877/2027/1879 1876/2024/1876 1907/2053/1903 1908/2056/1906
f 1864/2028/1880 1863/2025/1877 1894/2054/1904 1895/2057/1907
f 1851/2029/1881 1850/2026/1878 1881/2055/1905 1882/2058/1908
f 1878/2030/1882 1877/2027/1879 1908/2056/1906 1909/2059/1909
f 1865/2031/1883 1864/2028/1880 1895/2057/1907 1896/2060/1910
f 1852/2032/1884 1851/2029/1881 1882/2058/1908 1883/2061/1911
f 389/2062/44 1878/2030/1882 1909/2059/1909
f 1866/2034/1885 1865/2031/1883 1896/2060/1910 1897/2063/1912
f 1853/2035/1886 1852/2032/1884 1883/2061/1911 1884/2064/1913
f 1867/2036/1887 1866/2034/1885 1897/2063/1912 1898/2065/1914
f 1854/2037/1888 1853/2035/1886 1884/2064/1913 1885/2066/1915
f 1868/2038/1889 1867/2036/1887 1898/2065/1914 1899/2067/1916
f 1855/2039/1890 1854/2037/1888 1885/2066/1915 1886/2068/1917
f 1869/2040/1891 1868/2038/1889 1899/2067/1916 1900/2069/1918
f 1856/2041/1892 1855/2039/1890 1886/2068/1917 1887/2070/1919
f 1870/2042/1893 1869/2040/1891 1900/2069/1918 1901/2071/1920
f 1857/2010/1863 1856/2041/1892 1887/2070/1919 1888/2072/1921
f 1871/2012/1865 1870/2042/1893 1901/2071/1920 1902/2073/1922
f 1858/2011/1864 1857/2010/1863 1888/2072/1921 1889/2074/1923
f 1872/2013/1866 1871/2012/1865 1902/2073/1922 1903/2075/1924
f 1859/2014/1867 1858/2011/1864 1889/2074/1923 1890/2043/1894
f 1873/2015/1868 1872/2013/1866 1903/2075/1924 1904/2045/1896
f 1893/2051/1901 1892/2047/1898 1923/2076/1925 1924/2077/1926
f 1880/2052/1902 1879/2049/1899 1910/2078/1927 1911/2079/1928
f 1907/2053/1903 1906/2050/1900 1937/2080/1929 1938/2081/1930
f 1894/2054/1904 1893/2051/1901 1924/2077/1926 1925/2082/1931
f 1881/2055/1905 1880/2052/1902 1911/2079/1928 1912/2083/1932
f 1908/2056/1906 1907/2053/1903 1938/2081/1930 1939/2084/1933
f 1895/2057/1907 1894/2054/1904 1925/2082/1931 1926/2085/1934
f 1882/2058/1908 1881/2055/1905 1912/2083/1932 1913/2086/1935
f 1909/2059/1909 1908/2056/1906 1939/2084/1933 1940/2087/1936
f 1896/2060/1910 1895/2057/1907 1926/2085/1934 1927/2088/1937
f 1883/2061/1911 1882/2058/1908 1913/2086/1935 1914/2089/1938
f 389/2090/44 1909/2059/1909 1940/2087/1936
f 1897/2063/1912 1896/2060/1910 1927/2088/1937 1928/2091/1939
f 1884/2064/1913 1883/2061/1911 1914/2089/1938 1915/2092/1940
f 1898/2065/1914 1897/2063/1912 1928/2091/1939 1929/2093/1941
f 1885/2066/1915 1884/2064/1913 1915/2092/1940 1916/2094/1942
f 1899/2067/1916 1898/2065/1914 1929/2093/1941 1930/2095/1943
f 1886/2068/1917 1885/2066/1915 1916/2094/1942 1917/2096/1944
f 1900/2069/1918 1899/2067/1916 1930/2095/1943 1931/2097/1945
f 1887/2070/1919 1886/2068/1917 1917/2096/1944 1918/2098/1946
f 1901/2071/1920 1900/2069/1918 1931/2097/1945 1932/2099/1947
f 1888/2072/1921 1887/2070/1919 1918/2098/1946 1919/2100/1948
f 1902/2073/1922 1901/2071/1920 1932/2099/1947 1933/2101/1949
f 1889/2074/1923 1888/2072/1921 1919/2100/1948 1920/2102/1950
f 1903/2075/1924 1902/2073/1922 1933/2101/1949 1934/2103/1951
f 1890/2043/1894 1889/2074/1923 1920/2102/1950 1921/2104/1952
f 1904/2045/1896 1903/2075/1924 1934/2103/1951 1935/2105/1953
f 1891/2044/1895 1890/2043/1894 1921/2104/1952 1922/2106/1954
f 1905/2046/1897 1904/2045/1896 1935/2105/1953 1936/2107/1955
f 1892/2047/1898 1891/2044/1895 1922/2106/1954 1923/2076/1925
f 1879/2049/1899 1196/2108/18 1910/2078/1927
f 1906/2050/1900 1905/2046/1897 1936/2107/1955 1937/2080/1929
f 1926/2085/1934 1925/2082/1931 1956/2109/1956 1957/2110/1957
f 1913/2086/1935 1912/2083/1932 1943/2111/1958 1944/2112/1959
f 1940/2087/1936 1939/2084/1933 1970/2113/1960 1971/2114/1961
f 1927/2088/1937 1926/2085/1934 1957/2110/1957 1958/2115/1962
f 1914/2089/1938 1913/2086/1935 1944/2112/1959 1945/2116/1963
f 389/2117/44 1940/2087/1936 1971/2114/1961
f 1928/2091/1939 1927/2088/1937 1958/2115/1962 1959/2118/1964
f 1915/2092/1940 1914/2089/1938 1945/2116/1963 1946/2119/1965
f 1929/2093/1941 1928/2091/1939 1959/2118/1964 1960/2120/1966
f 1916/2094/1942 1915/2092/1940 1946/2119/1965 1947/2121/1967
f 1930/2095/1943 1929/2093/1941 1960/2120/1966 1961/2122/1968
f 1917/2096/1944 1916/2094/1942 1947/2121/1967 1948/2123/1969
f 1931/2097/1945 1930/2095/1943 1961/2122/1968 1962/2124/1970
f 1918/2098/1946 1917/2096/1944 1948/2123/1969 1949/2125/1971
f 1932/2099/1947 1931/2097/1945 1962/2124/1970 1963/2126/1972
f 1919/2100/1948 1918/2098/1946 1949/2125/1971 1950/2127/1973
f 1933/2101/1949 1932/2099/1947 1963/2126/1972 1964/2128/1974
f 1920/2102/1950 1919/2100/1948 1950/2127/1973 1951/2129/1975
f 1934/2103/1951 1933/2101/1949 1964/2128/1974 1965/2130/1976
f 1921/2104/1952 1920/2102/1950 1951/2129/1975 1952/2131/1977
f 1935/2105/1953 1934/2103/1951 1965/2130/1976 1966/2132/1978
f 1922/2106/1954 1921/2104/1952 1952/2131/1977 1953/2133/1979
f 1936/2107/1955 1935/2105/1953 1966/2132/1978 1967/2134/1980
f 1923/2076/1925 1922/2106/1954 1953/2133/1979 1954/2135/1981
f 1910/2078/1927 1196/2136/18 1941/2137/1982
f 1937/2080/1929 1936/2107/1955 1967/2134/1980 1968/2138/1983
f 1924/2077/1926 1923/2076/1925 1954/2135/1981 1955/2139/1984
f 1911/2079/1928 1910/2078/1927 1941/2137/1982 1942/2140/1985
f 1938/2081/1930 1937/2080/1929 1968/2138/1983 1969/2141/1986
f 1925/2082/1931 1924/2077/1926 1955/2139/1984 1956/2109/1956
f 1912/2083/1932 1911/2079/1928 1942/2140/1985 1943/2111/1958
f 1939/2084/1933 1938/2081/1930 1969/2141/1986 1970/2113/1960
f 1959/2118/1964 1958/2115/1962 10/40/40 1980/45/45
f 1946/2119/1965 1945/2116/1963 2/42/42 1975/47/47
f 1960/2120/1966 1959/2118/1964 1980/45/45 11/49/49
f 1947/2121/1967 1946/2119/1965 1975/47/47 3/51/51
f 1961/2122/1968 1960/2120/1966 11/49/49 1981/53/53
f 1948/2123/1969 1947/2121/1967 3/51/51 4/55/55
f 1962/2124/1970 1961/2122/1968 1981/53/53 12/57/57
f 1949/2125/1971 1948/2123/1969 4/55/55 1976/59/59
f 1963/2126/1972 1962/2124/1970 12/57/57 1982/61/61
f 1950/2127/1973 1949/2125/1971 1976/59/59 5/63/63
f 1964/2128/1974 1963/2126/1972 1982/61/61 1983/2/2
f 1951/2129/1975 1950/2127/1973 5/63/63 1977/6/6
f 1965/2130/1976 1964/2128/1974 1983/2/2 13/1/1
f 1952/2131/1977 1951/2129/1975 1977/6/6 1978/5/5
f 1966/2132/1978 1965/2130/1976 13/1/1 14/9/9
f 1953/2133/1979 1952/2131/1977 1978/5/5 6/11/11
f 1967/2134/1980 1966/2132/1978 14/9/9 15/13/13
f 1954/2135/1981 1953/2133/1979 6/11/11 1979/15/15
f 1941/2137/1982 1196/2142/18 1972/17/17
f 1968/2138/1983 1967/2134/1980 15/13/13 1984/20/20
f 1955/2139/1984 1954/2135/1981 1979/15/15 7/22/22
f 1942/2140/1985 1941/2137/1982 1972/17/17 1/24/24
f 1969/2141/1986 1968/2138/1983 1984/20/20 1985/26/26
f 1956/2109/1956 1955/2139/1984 7/22/22 8/28/28
f 1943/2111/1958 1942/2140/1985 1/24/24 1973/30/30
f 1970/2113/1960 1969/2141/1986 1985/26/26 16/32/32
f 1957/2110/1957 1956/2109/1956 8/28/28 9/34/34
f 1944/2112/1959 1943/2111/1958 1973/30/30 1974/36/36
f 1971/2114/1961 1970/2113/1960 16/32/32 1986/38/38
f 1958/2115/1962 1957/2110/1957 9/34/34 10/40/40
f 1945/2116/1963 1944/2112/1959 1974/36/36 2/42/42
f 389/2143/44 1971/2114/1961 1986/38/38
